customer_unique_id,total_orders,last_purchase,avg_days_between_orders,avg_delivery_delay,is_multi,churn
004288347e5e88a27ded2bb23747066c,2,2018-01-14 07:36:54,170.72489583333333,-20.073449074074073,1,1
00cc12a6d8b578b8ebd21ea4e2ae8b27,2,2017-03-21 19:25:23,1.1574074074074073e-05,-9.379039351851851,1,1
011575986092c30523ecb71ff10cb473,2,2018-04-18 21:58:08,60.252303240740744,-14.283541666666666,1,0
011b4adcd54683b480c4d841250a987f,2,2018-02-15 11:40:57,176.9510185185185,-13.192361111111111,1,1
012452d40dafae4df401bced74cdb490,2,2018-05-14 12:12:45,329.5597569444444,-5.516678240740741,1,0
013f4353d26bb05dc6652f1269458d8d,2,2017-11-28 13:30:58,3.9983564814814816,-20.396539351851853,0,1
015557c9912277312b9073947804a7ba,2,2017-05-01 14:48:33,38.66859953703704,-14.226342592592593,1,1
01886ef98f995e4f2dd75a1d04c97397,2,2018-03-09 19:19:24,101.93854166666667,-29.127164351851853,0,0
01a22e2079ea71e17313b88e5811e54a,2,2018-01-22 23:27:48,0.029155092592592594,-11.009097222222222,0,1
01c289bb06354cdc7e6549570f20ada4,2,2017-12-26 21:14:43,206.0857523148148,-21.062962962962963,0,1
01f2285f85a1c603eb7ef755ad311769,2,2018-05-31 14:51:03,397.00741898148146,-36.07962962962963,0,0
02168ea18740a0fdaaa15f11bebba5db,2,2017-10-09 22:05:59,50.04700231481481,-18.22054398148148,0,1
027803eb28cc01fbdf5da72b109fabee,2,2017-10-17 11:28:18,0.00015046296296296295,-12.320844907407407,1,1
029b457bd01199c39136f89e0eddcd3a,2,2018-01-04 19:21:49,235.78582175925925,-6.275949074074074,1,1
02b20b7c813efede140142ac610e36dc,2,2018-03-19 20:50:39,0.0,-15.257534722222223,0,0
02e4c56fefa30628768ffe326d332e2f,2,2018-01-11 12:07:15,287.70663194444444,-10.973206018518518,1,1
02e9109b7e0a985108b43e573b6afb23,3,2018-05-14 11:04:55,85.89088541666666,-14.809924768518519,1,0
02e9827c15167f699df7bf90d326ffdb,2,2018-04-07 18:22:27,34.1946412037037,-1.215486111111111,0,0
02fbe4db886eb98774c8ba300d39fa79,2,2018-02-17 12:23:22,1.1574074074074073e-05,-16.505219907407408,0,1
031ea691b99fc101dcad357d1a83573f,2,2017-07-10 22:28:33,55.365069444444444,-1.4346990740740742,1,1
0333b2fc6ba7014702e08ef613850270,2,2017-11-06 04:41:37,73.30190972222222,-0.14678240740740742,0,1
0341bbd5c969923a0f801b9e2d10a7b8,2,2018-05-30 13:00:03,1.9455671296296295,-37.13305555555556,1,0
038301b43811478e1a8dc0e476eaf52e,2,2018-04-12 20:58:52,150.46496527777776,-13.327106481481481,1,0
0396c443fdda5498c7e9ed5b34871c5a,2,2017-05-05 08:44:58,1.1574074074074073e-05,-14.515231481481482,0,1
03dabd77cb0ed7a26fafe19e36b67742,2,2017-05-15 10:14:17,33.66275462962963,-14.452708333333334,0,1
041caba6a63ace5818387698ea85cdb2,3,2018-05-24 13:50:33,217.33344328703703,-6.620445601851852,1,0
043aee247e71edff7045664609f4d806,2,2017-07-17 19:00:49,117.27200231481481,-11.134444444444444,0,1
0451ef5a31cea3e14ce02d768d7c9943,2,2017-06-18 20:00:47,65.07719907407407,-5.204097222222222,0,1
0488328f0b499963e32a37fa42a20ca0,2,2017-09-07 12:38:15,6.25005787037037,-13.05630787037037,1,1
048dbdf8f9bbd1be87b25868d1408311,2,2017-11-06 07:59:11,19.705729166666668,-11.036863425925926,0,1
04be500031efe43d2defff8c41810543,2,2018-02-01 08:35:49,25.24630787037037,-13.265868055555556,1,1
04d3c2795b83634312bf3f86f41f7901,2,2017-08-08 20:46:53,60.131030092592596,2.947858796296296,0,1
04e495a3f45df8b41be2e934bbc16961,2,2018-01-23 20:45:59,258.99791666666664,-16.059895833333332,1,1
04fc637963fe982dd25ac58e4f4770c1,2,2018-03-25 21:20:12,0.0017476851851851852,-13.979976851851852,0,0
050555c26479bbb8ba0740c37e7454d0,2,2018-04-07 12:07:04,0.0,-7.3274537037037035,0,0
0509ab034845adb0b4c91b6f0e7b7260,2,2018-05-04 18:44:15,2.353622685185185,-8.158229166666667,0,0
053b7090271ed4dacbfe0afd6382bbab,2,2017-09-28 23:13:40,59.03893518518519,-14.446736111111111,1,1
053f7850c3ffd9726cff61c7e42af797,2,2017-06-29 21:22:47,1.1574074074074073e-05,-7.363587962962963,0,1
05669445931c028d97b7c0637b5a2359,2,2017-10-07 17:03:03,41.75725694444444,-9.471493055555555,0,1
059d1f5650f05d9fed9a6d941593f9b4,2,2018-03-18 17:01:00,74.08512731481481,5.743773148148148,1,0
05e52c1f96f8b83dd66dcdce679ff58d,2,2017-07-24 11:52:30,71.50494212962963,3.679085648148148,1,1
05edb10f73fe7d03959ff26540913b3a,2,2018-01-03 10:51:21,147.6744212962963,-12.42869212962963,1,1
05ef855308303397f1427f29470bb6ab,2,2018-03-19 09:46:20,45.44273148148148,-14.288136574074073,1,0
060f9ea0a180843fb91d4923b6d01bea,2,2018-03-10 15:40:45,0.016481481481481482,-4.149583333333333,1,0
0621c2a5979d3e887ae519620cbe2926,2,2017-08-10 09:47:46,61.73247685185185,-23.332037037037036,0,1
065938485846aa5adc196cb536de42e0,2,2018-02-23 13:47:17,261.8946296296296,-5.334409722222222,0,1
065dcef61d5f66b30d2ee51b5343d023,2,2017-11-30 21:30:36,230.95171296296297,-10.96412037037037,1,1
06a52782a04f0086d16b9c22d0e29438,3,2017-05-06 20:11:11,5.787037037037037e-06,-15.34099537037037,0,1
06d26e5230ac619719997a8cf435a69b,2,2018-04-05 21:18:26,1.5044560185185185,-9.199953703703704,1,0
0710e0c85fe7cb494d624e0863782e46,2,2018-03-21 15:06:40,0.0,-29.334097222222223,0,0
071bb277b0146da77fac31e70657815e,2,2018-04-15 20:22:16,281.25703703703704,-31.109201388888888,1,0
071fb07419a29c8ba143831082e0320a,2,2018-01-10 08:27:45,299.9788310185185,-20.245601851851852,1,1
07342638d0e0aad32c3cf0efc1a37ba5,2,2017-09-27 08:28:04,39.74283564814815,-17.09175925925926,0,1
0751ebe1c05ef7a632934adae06c6d4a,2,2017-07-23 17:53:01,51.30571759259259,-18.16954861111111,0,1
075c38f7a650b0dc822712c7a58e93d4,2,2017-10-19 21:07:40,2.3148148148148147e-05,-42.21607638888889,0,1
076b7055bea51da430d6a6fa054e5075,2,2017-06-09 19:13:10,2.3148148148148147e-05,-6.593229166666667,0,1
078f7e669cebf2fb640d0ad0dabb3068,2,2018-05-09 04:46:01,76.31315972222222,-39.22920138888889,0,0
07abcea6f64399366559afee336a7fd2,2,2018-03-05 21:47:34,1.1574074074074073e-05,-6.361828703703703,0,0
07b1b60bca2b6326fa2adb259ea4a55f,3,2018-05-09 17:16:21,21.894872685185184,1.2349247685185185,1,0
07b28cf1d8515d08ccca505e273fffaf,2,2017-03-24 13:56:45,1.1574074074074073e-05,-12.443391203703703,1,1
07bd3d18ecba2420a8934b34a26f157a,2,2018-04-19 23:25:38,2.2036342592592595,-27.116145833333334,0,0
07f61caa1c9e850c14e94854cec87545,2,2017-08-05 14:52:24,1.1574074074074073e-05,-11.25699074074074,0,1
07f765655f560c8624267665ce23675a,2,2018-04-17 14:27:45,191.9779861111111,-20.239780092592593,0,0
0802a1a217680f13264a70ddb7220823,2,2017-02-17 10:48:38,10.099652777777777,-21.587025462962963,0,1
0807baeeeaa1309effbd9a9dee41ab17,2,2018-05-08 00:06:19,40.42420138888889,0.7985648148148148,1,0
083ca1aa470c280236380973a48f77c6,3,2017-08-16 05:43:05,9.533518518518518,-29.71990740740741,1,1
0895c61a77b305efdfad13596c749c60,2,2018-04-11 11:59:18,130.89180555555555,-39.111863425925925,1,0
089bc915af34d9041b3a88a1aa84292b,2,2018-01-14 20:44:16,60.41758101851852,4.995162037037037,1,1
08c07c761592a71b85136aa4fe76a6f4,3,2018-04-06 15:28:48,119.06459490740741,-21.16208912037037,1,0
08d8ad84b0088cbeae77da4ff3817479,2,2018-05-17 09:18:52,31.37554398148148,-13.119756944444445,1,0
08e5b38d7948d37fbb2a59fc5e175ab1,4,2018-05-10 03:38:27,22.68437885802469,-4.796149691358025,0,0
08f7cf00ed9ff3e0a08fc136ec272974,2,2017-09-01 22:26:18,0.0,-7.203090277777778,1,1
0942eedfe0e865b2a80419a14672286f,2,2018-01-21 22:51:21,347.62747685185184,-19.05894675925926,1,1
096e351116755fe4c3c1e48eaf301a41,2,2017-05-16 10:49:27,1.1574074074074073e-05,-13.470648148148149,0,1
0981a271500799427cdf345e9121e20b,2,2017-04-17 10:05:11,13.838854166666668,-20.438425925925927,0,1
09831ff6ab667f42521bcd4c22dc755c,2,2018-03-25 11:26:29,8.014479166666666,-12.330277777777777,0,0
0994750c9c22a140010ed86aad2d044b,2,2018-02-26 13:23:24,21.84068287037037,-13.989328703703704,0,1
099fad9e8f7dfbd0412c300bcc697e0b,2,2018-05-16 17:52:39,307.1490509259259,-9.350810185185185,1,0
09ab36a420b5c87c5c9772bdb494f2e3,2,2018-02-24 23:18:14,0.0,45.814293981481484,1,1
09baec50afccbb414f24bf8e0bc7c020,2,2018-05-16 01:18:19,163.24737268518518,0.9288425925925926,1,0
09bc7afc3e8d8dccaffd0b16944a91fe,2,2017-08-01 11:12:08,174.76714120370372,-5.172094907407407,0,1
09cd73b13f103e47ce13675b4a4b36f3,2,2018-05-10 15:00:58,0.010868055555555556,-12.029606481481482,0,0
09d74edf20acb4f9523fb1cf19a18456,2,2018-03-05 14:54:33,109.08414351851852,-0.17929398148148148,0,0
09d7c538023c2c4fb0553c831c12f084,2,2017-05-22 19:49:13,1.1574074074074073e-05,-11.40712962962963,1,1
0a5df23b922b9998bb7378f1ac03c98a,2,2017-09-29 09:48:18,0.011122685185185185,-20.056747685185186,1,1
0a609db8d244100909a15d65eadf8539,3,2017-10-18 15:53:47,35.916359953703704,-15.342650462962963,1,1
0a61b571f594b6919601bcf3380da7f7,3,2018-01-12 18:17:00,77.01431134259259,-11.190393518518519,0,1
0aa1ab39ff2b837c05d7c9ff85b6d983,2,2018-03-11 10:15:39,64.9800925925926,-11.085694444444444,1,0
0aadc1d26d1c8b88a52c39a533ccea93,2,2017-11-28 10:27:09,230.98216435185185,-1.2760532407407408,0,1
0abee71cd257861a0944e2a81cea4a50,2,2017-11-26 09:30:30,258.99474537037037,7.737662037037037,1,1
0ac10a57d07e3d38b11f66283c44672b,2,2017-06-02 10:53:33,1.1574074074074073e-05,-12.345729166666667,1,1
0ac4a9460c1baf3051ffec5c9021a499,2,2018-05-30 07:58:30,21.547893518518517,-14.210138888888888,1,0
0ad7cb4f48f2a2cf5080e3c19c7cf98c,2,2018-05-25 16:55:13,201.12887731481482,-23.450358796296296,1,0
0b18593e033697810a62a987e77f4b8c,3,2018-03-13 08:07:13,141.97516782407408,-31.78316550925926,1,0
0b3dc7efaafb0cf78a4796d42fa8d74c,2,2017-07-28 09:34:29,296.78143518518516,-12.330729166666666,0,1
0b402d6dd50694a118c642448e2cb086,2,2017-11-26 20:40:58,216.17630787037038,-6.3262731481481485,1,1
0b6d4f036c07e10854affe43fc4e718c,2,2018-03-22 15:57:22,0.02172453703703704,-8.17445601851852,1,0
0b8ed32525608a907c7331b613b5b67e,2,2017-11-30 09:01:59,0.0,-11.175648148148149,0,1
0bc9c245cd69735af23eefdd89d74e7e,2,2017-09-13 16:59:00,69.0034375,-8.356967592592593,0,1
0bdb6ad22574bad5202df1e92a9aa403,2,2018-02-15 20:24:30,0.017037037037037038,-6.989386574074074,0,1
0be7af6c16fbca7eff244788f89146a3,2,2018-03-26 10:14:31,0.0,-14.226018518518519,1,0
0bf1278577a2acf8532a031d98cd517c,2,2017-12-14 11:10:57,66.6006712962963,-6.1491087962962965,1,1
0c10e674d1504f959a7f2e504148c296,2,2018-04-25 14:29:47,180.39871527777777,-14.15101851851852,1,0
0c4c416f1f9844e6805b074f8f96f52c,2,2017-08-12 23:18:04,14.540949074074074,-6.135775462962963,0,1
0c8286526be3a0fc8f50b7267db95035,2,2018-03-30 00:06:55,335.996400462963,-17.023125,1,0
0c8ac932c65f67489929f9164a86606d,2,2017-10-19 13:31:09,45.677071759259256,-14.197314814814815,0,1
0c9abfaffa0ae7587cebfdf0d680e3b7,2,2018-02-06 23:56:13,144.6572337962963,-19.510474537037037,0,1
0cbcf91ef2dd6dfcce9ee63c8772dc97,2,2017-08-15 07:55:36,0.0,-11.242743055555556,0,1
0cc2ee1112a11a1094eff52fa2e87150,3,2017-10-03 11:54:16,70.56050347222222,-7.577366898148148,1,1
0ceb502fc33a2ad327b08288c5310e2e,2,2018-05-15 10:39:41,25.52315972222222,-20.17902777777778,0,0
0cf46588cd3f5a23002166b5a1945820,2,2017-10-19 15:05:10,34.56446759259259,-15.170196759259259,0,1
0cfd915db480acd7d9a954409cabfb1c,2,2017-08-23 09:27:23,8.632476851851852,-19.216261574074075,1,1
0d4644eff058d75937ca1eec574bf87d,2,2017-11-30 22:20:59,68.26122685185184,-9.994537037037038,0,1
0d51e04ae0b1d341e4f49812d1f4fbe2,2,2018-05-16 09:57:53,209.9273263888889,-17.32519675925926,1,0
0d52f8cd8892f109a15803df169113b6,2,2018-02-11 12:28:51,1.1574074074074073e-05,-15.077361111111111,0,1
0d57344e9e4e9d16dc699cb417e50cb0,2,2017-11-21 20:56:07,3.3044675925925926,-7.06605324074074,0,1
0d7241c7fb49c1be6e75c9fe99e0822c,2,2018-04-30 13:40:10,103.97424768518519,-7.192835648148148,1,0
0d997d092f93b5c58d0f9b4bd0643d16,2,2017-12-01 20:48:11,5.99550925925926,-11.062824074074074,1,1
0dd933d1e0253343083013791bf5d5e9,2,2017-11-24 12:08:59,164.03972222222222,-28.916747685185186,0,1
0ddba04798f1c085d0ca93af0e91f6c1,2,2018-02-14 16:38:59,1.1574074074074073e-05,-7.3690625,0,1
0df55f5accedda71bda8f4c7f590951f,2,2018-02-14 20:48:53,72.97048611111111,-6.433553240740741,1,1
0e06af8004ffd01a3461e768f9f659aa,2,2017-11-19 16:20:52,75.9258912037037,-12.014849537037037,1,1
0e37a80826485260170d428b06df0ab6,2,2017-09-12 14:29:16,0.21309027777777778,-8.089027777777778,0,1
0e3c753956e35026b965d9ac3590c5af,2,2017-08-08 12:49:02,1.1574074074074073e-05,-15.095671296296297,0,1
0e4cb268bd62da7db135af6349b4fc2a,3,2017-11-24 20:39:01,0.1540277777777778,-7.810896990740741,1,1
0e730550dfc5d7f1cea73484bb2e0249,2,2018-03-06 08:37:03,12.330486111111112,2.942222222222222,0,0
0e78a1b66adee5bb3a6f014714f79cf4,2,2018-04-05 15:34:33,0.006898148148148148,-4.357858796296297,1,0
0e850ed5adc4abe0346435eda5b1a626,2,2018-04-12 17:36:07,0.0,-1.0953125,0,0
0ea353565cdde00e1d8352a08290a352,2,2017-08-25 17:53:24,185.0508912037037,-13.120717592592593,1,1
0ecc403ec5d6ce000fd84f00cd5efb0a,2,2017-11-30 16:09:58,0.0,-9.172685185185186,0,1
0ecf7f65b5ff3b9e61b637e59f495e0a,2,2016-10-10 15:50:01,2.3148148148148147e-05,-48.30849537037037,0,1
0f0b49d45120fcb28bda56e94bc85673,2,2018-02-07 20:18:59,2.3148148148148147e-05,-10.398113425925926,1,1
0f0e48a91c9c285404572b095bcb373c,2,2017-07-20 12:11:33,112.13177083333333,-11.175914351851851,0,1
0f10d99ee99ca3d0489f2f2169b41ec3,2,2018-03-01 18:32:58,2.3148148148148147e-05,-13.179409722222223,0,0
0f187f58097c5431d5244e1fe1383884,2,2018-01-07 21:13:42,120.05790509259259,-15.15957175925926,1,1
0f1bd80ed58b9d0f45dca1bb396d8ac9,2,2018-05-15 10:49:07,146.9667476851852,-12.551122685185184,1,0
0f38a44168ec569a3f783ebf98d79095,2,2017-11-22 13:57:00,0.007974537037037037,7.884571759259259,1,1
0f5ac8d5c31de21d2f25e24be15bbffb,2,2017-11-27 12:57:35,3.6852199074074075,-10.116643518518519,0,1
0f6371fc9c2e78818a6e7aa33022a506,2,2018-01-27 18:04:38,0.0,-11.29917824074074,0,1
0f64cafdb3e1e4806c99ff165305e27f,2,2018-04-02 15:11:28,53.9868287037037,-6.172928240740741,1,0
0f9349a9da479b7e02c4cb4a0c73fb47,2,2018-02-11 20:24:37,305.1430671296296,-22.029131944444444,0,1
0fd39b61ec94864f92e18e5d7144bc6c,2,2018-03-26 13:02:31,139.5336111111111,-37.0327662037037,1,0
0fd475edfa0b61c59ecde6f89c21dedb,2,2017-12-27 11:59:15,133.84581018518517,-14.083865740740741,0,1
0ffc908947e1f0c9f17647058b9a58c2,2,2017-07-02 19:07:13,16.84587962962963,-19.306979166666668,0,1
100f480d33281b45b97c07395968e56c,2,2017-09-24 15:03:46,1.1574074074074073e-05,-8.137210648148148,0,1
1015173479527a15ccb63606a74f404e,2,2017-09-05 12:48:49,0.9148726851851852,-53.37574074074074,0,1
10867a902e32dd54061b2cda9c55b0b6,2,2018-02-26 14:18:54,1.1574074074074073e-05,-7.056388888888889,0,1
10a4b9f45f67e6bc9ca4032b9203272c,2,2018-02-23 14:49:39,1.1574074074074073e-05,18.59224537037037,0,1
10b58cbd6607267fd41812614367439e,2,2018-01-07 17:14:25,342.979375,-22.16699074074074,1,1
10bf8afdd66da75c386fbacf04c85710,2,2018-03-23 18:25:21,52.81034722222222,-12.22394675925926,0,0
110991b379efbcebb0d35cbd20bf9698,2,2018-04-09 22:51:46,60.956041666666664,2.6060416666666666,1,0
1118a7bb7ba893f10740e22a23aa5bd9,2,2018-01-16 22:49:54,158.0322800925926,-12.160208333333333,1,1
1118bbd6c82a824ebc677b12e525864f,2,2017-10-28 00:24:21,1.1574074074074073e-05,-13.267615740740741,0,1
11395124061744bf276aefd8073f3105,2,2017-10-08 22:13:39,0.0,-15.115104166666667,1,1
115030e27b9970683ad81cb05679157c,2,2018-05-22 17:19:24,41.067314814814814,-4.218877314814815,1,0
1175e95fb47ddff9de6b2b06188f7e0d,2,2018-01-18 12:35:45,1.1574074074074073e-05,-16.089027777777776,1,1
118be57d1b7de439453a0c6625ad7934,2,2017-08-19 19:25:41,6.429432870370371,-20.154027777777777,1,1
1197ba886110324a1519fff17dd8d1d2,2,2017-08-21 09:30:56,13.983043981481481,-6.182268518518518,1,1
11b47516f8f6a42105b9807903ede333,2,2018-02-20 14:59:40,285.23645833333336,-15.262083333333333,1,1
11ebea68a1046fa3268cb278df2c4f31,2,2017-12-12 15:26:09,0.0,-9.493275462962963,0,1
120a6e1875940fe48a44d6cf30706230,2,2017-11-19 10:04:04,0.0,-13.12980324074074,0,1
121b5a0ae9d09a2ca5e8090fd2a00a58,2,2017-04-22 18:53:45,51.43152777777778,-12.384814814814815,1,1
1225c9614c5129a3085416d30d50e143,2,2018-03-07 17:38:07,0.019351851851851853,-4.141064814814815,0,0
12328d63390726821fdcd8e8b77f10b5,2,2017-11-28 09:26:02,3.472222222222222e-05,-12.113159722222223,0,1
124bc956b56b1523d2a75b29a856085d,2,2018-04-02 14:26:59,76.10476851851851,-6.887638888888889,0,0
125740359669fa63858476105a5d523d,2,2017-07-24 15:38:58,137.98122685185186,-14.595659722222223,0,1
1291474366a550ebc251d9187e763d62,2,2017-07-02 14:01:13,112.80671296296296,-5.5156481481481485,1,1
12ab9334b1240d6d037f2b0102a49571,2,2017-12-13 17:35:27,1.1574074074074073e-05,-11.265752314814815,0,1
12b62a8d3c4911b9a80b935037842fc0,2,2017-11-07 22:51:12,1.1574074074074073e-05,-12.216157407407408,0,1
12c54f6dfd4b723a6c76c4c989494422,2,2017-09-21 22:00:15,49.01984953703704,-17.098761574074075,0,1
12d8b5ed661190a3a08183644dfc504d,4,2018-05-02 11:58:28,133.9104012345679,-14.421581790123456,1,0
12f5d6e1cbf93dafd9dcc19095df0b3d,6,2017-01-05 15:25:10,0.009321759259259259,-22.14457638888889,1,1
131b8a51429529f4e57e8faa1b87ff4f,2,2017-04-07 21:39:30,0.0,-13.454965277777777,0,1
133e20311ec257bda38f1798250d38c5,2,2017-05-08 08:06:54,5.719710648148148,-14.4640625,0,1
13473af264dea0facd893d6516900b22,2,2018-05-11 14:34:01,168.22515046296297,-10.21068287037037,1,0
13607978e0686d841deb64954c023495,2,2018-01-04 21:37:47,179.49238425925927,-18.359386574074072,0,1
13613cae6e3bfea8327a916246c96cc9,2,2017-12-25 10:40:53,1.1574074074074073e-05,-19.153541666666666,0,1
1372bab98f9966bcd4a6fa3e6df6dde8,2,2018-01-15 20:19:56,147.24363425925927,-8.261979166666666,1,1
1373e04979cfa0fb2092909abbd57f25,3,2018-05-03 10:55:03,45.93666666666667,-12.681689814814815,1,0
13abc50b97af7425b5066e405d7cd760,2,2017-05-07 20:47:31,6.428333333333334,-13.747199074074073,0,1
13aec51202205c662b24202760e93a92,2,2017-02-01 08:42:45,2.3148148148148147e-05,-24.269236111111113,0,1
1412559410af5e92c35e053fd6acd006,2,2018-01-30 19:15:23,1.1574074074074073e-05,-10.003703703703703,0,1
142575266950512b56af193f3962270a,2,2018-02-17 10:16:55,161.77493055555556,-22.21037037037037,1,1
142dc6250eac579893595d9889411834,2,2018-05-30 20:25:38,216.07025462962963,-32.03787037037037,1,0
1477c54a1abe3610e3e9ab411801cecb,2,2017-10-14 00:48:58,21.057476851851852,-9.17201388888889,1,1
14843983d4a159080f6afe4b7f346e7c,2,2018-03-02 17:47:40,2.3148148148148147e-05,26.720532407407408,0,0
149c19901ddcd1057deaabc003004a12,2,2017-08-28 13:49:55,0.21100694444444446,-18.119594907407407,1,1
14a188558af6cd5bc222ca773d395a7f,2,2018-03-07 19:19:24,40.034108796296294,-0.10508101851851852,0,0
1500da334da019c68fda219f942ba38a,2,2018-05-14 09:33:57,14.99332175925926,-18.226574074074072,1,0
1501fb94311512e6b98462d159e05a23,2,2018-04-16 13:45:57,0.022083333333333333,-10.293819444444445,0,0
1506abf10c09a2872e24d79f33e4eb12,2,2018-04-05 08:43:23,23.51071759259259,-10.012777777777778,1,0
155af62b6c947689a67af5c16acd5c55,2,2018-02-14 17:44:50,65.05144675925926,-16.225532407407407,0,1
1581a918a58a11d99c69f86d9c0d2098,2,2018-04-12 15:44:28,1.205775462962963,-10.055775462962963,0,0
158ff08f9b1aeebfa96820580f3877a6,2,2018-01-31 23:38:14,1.1574074074074073e-05,-6.9904166666666665,0,1
1590457b4be348b165ff7030a6f94dce,2,2017-07-05 18:33:29,113.15099537037037,-13.161261574074073,1,1
159306b86e782097be9a4e29e3d294d3,2,2018-01-19 13:24:39,1.1574074074074073e-05,-23.038449074074073,0,1
15a38a0c1bf789e06ec42d24e485e794,2,2018-01-14 15:01:39,171.8000462962963,-7.00519675925926,1,1
15eb6c5aa4aa23cbdb42e119220d23ec,2,2017-10-19 10:33:51,26.78765046296296,-7.012546296296296,1,1
1605a6c5d93d3488fb621c5323930795,2,2017-03-21 09:21:54,0.0,-14.419224537037037,0,1
161b2eb506dd664bb5d23dc701a14b59,2,2017-07-19 18:44:40,1.1574074074074073e-05,-18.178391203703704,1,1
1647c6dc2941bd075dc5dd3448807bed,2,2017-08-20 20:43:57,2.0380671296296295,-15.122488425925926,1,1
164ba50c15bd1157975375a75bbde58e,2,2017-05-21 19:14:44,0.0,-18.28613425925926,1,1
1650819cd492bbf4b9d189c7d4126475,2,2018-01-19 11:09:02,73.94506944444444,-10.917002314814814,0,1
165d93a9d1da194b47da42c9cf810ebd,2,2017-09-03 23:37:01,78.22112268518518,-4.497997685185185,1,1
16a23480d3c92eb40e134844d52aa63e,2,2018-04-23 10:53:44,3.472222222222222e-05,-12.378518518518518,0,0
16a909e83380bb2ae4676ca69ac30886,2,2018-03-05 03:45:49,211.41565972222222,-19.306226851851854,0,0
16bd767d18bf82bb09fc51520f7ea5ab,2,2017-12-04 20:24:43,48.41336805555556,-0.23636574074074074,0,1
16c8e42089546fde55ed3caa46478e7a,2,2018-03-30 15:17:21,139.22304398148148,-9.005625,1,0
1741b0bef7ccbc530ba7287000d5f49f,2,2018-04-21 14:12:11,83.79219907407408,-22.26128472222222,0,0
175b8225bdd99e95a64e07a6c06e8746,2,2018-01-26 11:06:38,6.956168981481482,-7.105752314814815,0,1
176df29483e4fb6ce1d6dd1c824ad72d,2,2018-05-13 07:12:05,246.87251157407408,-10.407905092592593,1,0
1772d62f5099be6942fbb3d3e881cc7c,2,2018-04-26 19:25:22,13.129988425925927,-8.098090277777779,1,0
177c725937ae5f96171bb8b43f196dfa,2,2017-04-28 14:09:28,39.88443287037037,-12.462581018518518,1,1
178a58ded2b9be43b90300e0e0e8e66c,2,2017-11-10 20:31:29,34.87461805555556,-7.001041666666667,1,1
179f496c6c02a7640d09f0843452e0fc,2,2017-11-24 19:29:35,2.3148148148148147e-05,-7.428553240740741,1,1
17a2d93cb1aab45e3d21d5eba7daaed2,2,2017-12-18 13:44:44,174.09936342592593,-21.08775462962963,0,1
17c7da60a0690728119612a54035452d,2,2018-01-10 15:54:44,40.886944444444445,-15.45181712962963,0,1
17dcb8c62667824b3e3755a5b680ebc6,2,2017-11-24 12:00:57,0.0,-7.1960648148148145,0,1
17e873c00e3fef97c9f1347c6681bd1a,2,2017-09-23 12:30:56,5.987002314814815,-12.220092592592593,0,1
1803287d1e7138aec6ea9d3c963ed87d,2,2017-09-09 08:41:10,0.0,-10.51400462962963,0,1
186e4b97d2704e8b76235b8d7c5d38ab,2,2017-06-15 08:53:26,0.0069560185185185185,-7.416909722222222,0,1
18753de7f8b65856d23473280e71ceb2,2,2018-04-05 07:53:49,280.6941898148148,-18.077696759259258,1,0
18a65d67bb184e736656cc017f09f7b8,3,2018-04-13 22:53:57,25.508622685185184,-20.675949074074072,1,0
18d61a27f478cd6201df948578f814f9,2,2018-04-24 13:34:14,306.111400462963,-16.368935185185187,1,0
18e1192f2a6be73c4365dbc29eb7a6f7,2,2018-02-14 10:00:46,0.8907291666666667,-7.0935648148148145,0,1
18e3d276253780b44b5b7bf83f6785ec,3,2017-11-28 17:24:56,104.57423032407408,-17.16638888888889,1,1
18f17efd50fd7e9595cc1a40205c937c,2,2017-09-01 15:03:02,57.06667824074074,-7.251365740740741,1,1
191e0f453bea7f50ce1fcd514af38835,2,2017-11-12 15:38:42,96.73621527777777,-19.227013888888887,1,1
194be31520cde5c527bad17720119e85,2,2017-08-14 12:24:28,129.01449074074074,-13.511689814814815,1,1
198ba72088fecd3caeaf2dca0addcfb9,2,2018-02-09 16:49:44,8.10962962962963,-2.9356828703703703,1,1
19be5923f7d998e76b9f3b1eb87c32af,2,2018-01-19 07:27:23,198.93633101851853,-19.39236111111111,1,1
19bedfc18c92d4e7eb6ba318a6c2033c,2,2018-04-07 00:42:45,154.99859953703702,-24.341342592592593,1,0
19c60787f1a478ec7345d03bc4298398,2,2017-11-23 14:43:38,0.0,-1.2301273148148149,1,1
19cb65cc7310ae4eef4f15bb70539d01,2,2018-03-05 06:24:49,56.511875,20.685150462962962,0,0
19da55454167240f3a4a39430007d074,2,2017-09-24 23:00:55,0.0,-21.27332175925926,1,1
19de4cc79e2c2986e70b155b7631f61c,2,2018-04-27 01:56:15,299.63993055555557,-18.113229166666667,1,0
19f735a9a58a187253055f9d4bcc2bb6,2,2018-04-13 04:30:54,171.1015277777778,-30.995497685185185,1,0
19f8fcd23ed70e29220a6a2f13ecd911,2,2017-12-03 20:14:21,30.989907407407408,-12.150810185185184,1,1
1a15eecd72a08e1134ba406c7a7998e6,2,2017-06-19 20:18:52,1.1574074074074073e-05,-42.414537037037036,0,1
1a24445f0e6006e4336ecba4ba576e4b,2,2018-01-13 10:43:54,9.487337962962963,-11.269027777777778,1,1
1a29e9f39d667f12684910a8edc4b56c,2,2018-02-14 13:06:04,0.0,-3.247847222222222,0,1
1a328a664417dc7cbff0ed7df49f5a3d,2,2018-04-19 09:31:18,403.6614236111111,-18.11976851851852,1,0
1a68c22c23a52a35f499dbd3c5a020a6,2,2017-09-03 12:19:17,25.652581018518518,-19.03650462962963,0,1
1ae30e98d81bdf991fa25b52b8142308,2,2017-07-03 15:10:38,1.1574074074074073e-05,-13.119363425925926,0,1
1af3dcbc89998031651925e3994eab18,2,2018-04-01 21:31:37,280.00530092592595,-31.277893518518518,1,0
1b270bd97f6e1d9af2d5d06f0d4a80e8,2,2018-02-26 14:57:42,1.1574074074074073e-05,32.98508101851852,0,1
1b2db8ab2d8e7b84b5455736fc9713f2,2,2017-05-18 22:42:50,7.920856481481482,-6.422581018518518,0,1
1b5720c7b0ee7183c2eafe3dba65111b,2,2017-11-24 20:36:18,33.77925925925926,-2.365162037037037,1,1
1b6c7548a2a1f9037c1fd3ddfed95f33,7,2018-02-14 13:22:12,15.476564429012345,-11.74955825617284,1,1
1b765716e166ca699d20c4adc8bb0f7c,2,2017-04-02 11:52:40,9.072268518518518,-18.49335648148148,1,1
1b7733821d1e0ec8907bbb441271f80b,2,2017-10-06 08:49:54,1.1574074074074073e-05,-12.993912037037036,1,1
1b95e3fe033836c787689ae4b9516aa3,2,2017-05-13 11:35:32,37.028819444444444,-6.500127314814815,0,1
1b9d0a0c0fd5211ae01a554419120554,2,2018-04-09 19:26:29,10.961493055555556,1.0645949074074075,0,0
1bbf6de8bbe287cb474e57d437d72969,2,2017-10-04 19:40:44,0.0,-19.19587962962963,0,1
1c4531b533d17f3b316de441268e513c,2,2017-09-25 21:38:16,116.58929398148148,-12.323530092592593,1,1
1c553721323d2cf153d114724b92118e,2,2018-04-05 22:37:40,68.2164699074074,-13.178796296296296,1,0
1c628081cb579ed6035b9aa8614e69f4,3,2018-05-22 08:28:33,25.977349537037036,-9.729166666666666,1,0
1c98969880c8c7c522bc4677dfce9384,2,2018-03-22 16:59:33,185.9015162037037,-24.284189814814816,1,0
1ca845c3b11ba93c4ac5182ab9c1197e,2,2018-04-05 07:17:48,15.565173611111112,-12.98707175925926,0,0
1cbda36ee89944baa7a738ddbdc4679a,2,2018-05-09 10:54:34,224.71751157407408,-10.44181712962963,1,0
1cc48564488184883cc7923b82c7b3f9,2,2017-07-21 19:58:21,0.0,-22.25177083333333,1,1
1ce1097b476f97ea37d805251c5c74ba,2,2018-01-09 01:24:02,126.84983796296297,-15.114016203703704,0,1
1ce879e096d3c38f230acdab7165332e,2,2018-05-18 00:32:42,28.32337962962963,-15.271944444444445,1,0
1d2435aa3b858d45c707c9fc25e18779,2,2017-01-17 14:23:56,2.3148148148148147e-05,-30.4596875,0,1
1d627d8a6e1e33ea8eeeb7a17d998660,2,2017-09-02 20:38:29,1.1574074074074073e-05,-3.375115740740741,0,1
1d72aaec15863f7532b2dbf4a5c4247d,2,2017-08-31 11:57:41,150.65564814814815,-15.293842592592593,1,1
1d95a47c2206919e1de2f8ff91065d20,2,2017-02-24 11:49:05,10.039074074074074,-15.421608796296296,0,1
1da09dd64e235e7c2f29a4faff33535c,3,2018-01-11 11:16:49,122.94186342592593,-19.414149305555554,0,1
1e05761e47e6a4968ac2ee128b0d42a4,2,2018-01-31 14:00:36,2.3148148148148147e-05,-17.03525462962963,0,1
1e433d2aca7584032f8f56d51643e605,2,2017-12-07 08:20:37,33.57215277777778,-10.302152777777778,1,1
1e6dc17adde78e52b6fa5e634f4454e0,2,2017-07-05 19:01:10,0.0,-14.270833333333334,0,1
1ed1f7f1679bee0089061c9db1bd783a,2,2017-07-31 16:38:56,0.05061342592592592,-13.269305555555556,0,1
1f2c5059dad2c277b3b338163b49ca73,2,2018-02-17 01:24:58,379.2676851851852,-13.44849537037037,1,1
1f90117a847636892e3c5bf569f2ac68,2,2018-01-13 13:52:54,152.7425810185185,-6.116076388888889,1,1
1f9756abd497b76eeccb492bfe91df35,2,2018-04-28 07:56:16,44.919583333333335,-11.017581018518518,0,0
1f98e3467d2b48dfb44fc12b137d3447,2,2018-01-06 15:20:06,454.71399305555553,-18.049918981481483,1,1
1fbd81e4d0a0cf9125ca038b43533b7f,3,2018-02-15 21:03:05,143.27580439814815,-9.216660879629629,1,1
1fe11e8f0fa5bea7416ec09d6e8d2b4d,2,2017-02-20 16:17:04,10.899537037037037,-20.49628472222222,0,1
1fea3244d38e951f0196b2728aee3bdf,2,2018-03-01 07:50:27,145.88194444444446,8.96369212962963,0,1
20001d07954025179c613496803181a6,2,2017-12-15 13:07:21,0.0,-25.00459490740741,1,1
2004ba7732339d9be65f2236d8887ae4,3,2018-05-10 11:23:03,109.2966724537037,-22.199137731481482,1,0
200d8b1f16d0cc9600022fdc99987a7f,2,2018-02-13 17:58:15,0.0,-1.1882175925925926,0,1
20282afdbe6cf22d5f5a956d8b5a3f78,2,2018-01-30 21:03:55,217.00251157407408,-5.990625,1,1
204efc7a771f1a33fd28465082171f5b,2,2018-05-04 06:16:16,23.48988425925926,-13.23261574074074,1,0
204fa49efb5913a76287284d6e096f69,2,2017-08-15 21:20:35,27.38068287037037,-13.234212962962962,0,1
206b04b38a5dc8404458ec16edeca606,2,2018-05-17 16:38:18,105.19560185185185,-16.460162037037037,1,0
208ed8bf578938c97d49b3429358a424,2,2018-02-04 01:43:58,58.22849537037037,-1.101539351851852,1,1
209e5691e2cda59cd71e45417d7f95a2,2,2018-01-08 13:14:49,1.1574074074074073e-05,-5.047361111111111,0,1
213b36024bb0b8261de0ffbd652ebc34,2,2018-05-26 09:29:26,2.780034722222222,-21.134212962962962,0,0
21421ba1bd92005a3b48e6a745e9b8bb,2,2018-02-01 17:05:51,17.0609375,-15.161666666666667,1,1
21560f93adbd9ada040a40909ac8619d,2,2017-11-16 17:36:57,87.156875,-9.321111111111112,1,1
216fd197a786370ce9601ee2f6b5a31a,2,2017-02-07 18:31:58,1.1574074074074073e-05,-13.466678240740741,0,1
21a2d9dc71459dbd3dad219cb9681964,2,2018-02-19 21:09:50,197.74157407407407,-9.020844907407408,1,1
21bde4e982c4681021edabb899bcebfe,2,2017-12-17 18:44:55,22.206828703703703,-19.435358796296295,1,1
21c3cb2e65b7575d9e079f7be7987d3c,2,2017-10-18 16:53:04,2.3148148148148147e-05,-12.116388888888888,1,1
21c8aa0cb27943cbf33d75985e28da67,2,2017-10-29 22:56:42,20.14400462962963,-9.341145833333334,1,1
21d3f0a4bf0cccf65dcfe93b8325d250,2,2017-05-22 23:38:44,53.99290509259259,-7.419652777777777,0,1
21de770aa4f3a60388b97b416ad38343,2,2018-05-01 10:31:57,3.729652777777778,-14.32883101851852,1,0
21effa61d72771ba8315ab56ce7fb7ac,2,2018-01-11 11:23:09,0.0,-14.391226851851853,0,1
220bcdd6ae284ed1a273d99003fa8a0e,2,2018-04-01 20:02:24,91.49912037037038,-8.377407407407407,0,0
2271b98c96ef2dbe4241cbbde7c8c12b,2,2017-12-10 09:22:54,0.0,-12.02625,0,1
2280ecb8db2591c39d1c7d3e9caa115c,2,2017-08-27 14:24:29,59.065439814814816,-13.441365740740741,1,1
22f6af8201369f9eb96592db3142b9c2,2,2018-02-14 09:58:15,62.914027777777775,8.517152777777778,0,1
230b7f6050862e4d39911debaa3088ef,2,2018-04-27 11:56:39,8.124375,-30.264189814814817,0,0
231d36f5c4b238c26f449ffd98c79180,2,2018-05-08 09:53:12,4.598402777777777,-11.288263888888888,1,0
232007f7d8c26eb8d7daaacb46501783,2,2018-01-05 23:45:24,1.1574074074074073e-05,-14.092418981481481,0,1
233c8f191c45cef30af148a82ac70020,2,2017-06-23 07:59:39,1.4053935185185185,-15.22738425925926,0,1
23539ab2fa3d6e255f96114be5d2dbd3,2,2018-02-10 21:17:00,0.0,-19.092974537037037,1,1
23b2d37ef78f3c8dcb31f5eefc30190a,2,2018-02-21 16:11:56,177.02842592592592,-5.1172106481481485,0,1
23dc3a062c6c097bcb3940a909e7730f,2,2017-04-10 14:29:16,27.519259259259258,-14.515439814814815,0,1
2410195f6521688005612363835a2671,2,2017-09-06 22:07:43,0.008252314814814815,-6.486678240740741,0,1
24115a0c9fc9115c586e54fd5f42e8d1,2,2018-01-08 15:05:57,129.16626157407407,-12.273773148148148,1,1
24259224caf748993c177ebf964c2e6e,2,2018-01-15 22:57:58,39.47503472222222,-11.140902777777777,1,1
24391449252cf6db04ce271b2a208d83,2,2018-04-17 23:29:11,51.00366898148148,-17.02859953703704,0,0
247e0dcd20596bee51bd2b07f633fa04,2,2018-01-13 09:52:49,66.38684027777778,-10.433055555555555,1,1
24cad6db9c734bd4f0edc6a314735880,2,2017-09-09 11:45:33,0.0,-16.24741898148148,0,1
24d27f115e367d9129a0e7a7a5d36866,2,2017-11-15 10:41:52,16.527511574074072,-16.174502314814816,1,1
24d9e83fe11e4390b69e1afb2b93f5ee,2,2018-01-05 17:40:45,87.96922453703704,-9.105613425925926,0,1
24fb2954f8c6cdb4b900ed8db6dc88e2,2,2017-11-25 09:14:23,177.0599537037037,7.9769907407407405,1,1
24fc2d6f4c3339820a1a3746a125f8c5,2,2017-11-22 14:45:54,0.2854513888888889,-13.174351851851853,1,1
2516f43838c4892e066fec28143efa64,2,2018-02-11 15:26:46,0.7820833333333334,-9.077083333333333,1,1
251e658613a224723f8a077946183b20,2,2017-11-19 20:06:12,11.312372685185185,-7.30619212962963,1,1
255ac312f5ceb97163ec60f0db2eee11,2,2017-12-05 16:47:25,42.85579861111111,-10.30644675925926,1,1
256b3e7a939dddf3e40608cac69e88c7,2,2017-04-19 14:24:06,1.1574074074074073e-05,-6.363182870370371,1,1
257a0a891aa05c945617ad8f097645bd,2,2018-01-06 05:15:19,0.06650462962962964,-19.12752314814815,0,1
25a1ad8a564d758f233c587cc657aa4b,2,2018-05-14 09:41:30,277.03917824074074,-10.147361111111111,1,0
25a560b9a6006157838aab1bdbd68624,4,2017-04-09 06:03:31,0.33674382716049384,-29.026435185185186,0,1
25bd804c580bc1ee0c93d073fae09a84,2,2017-12-21 04:47:03,26.010659722222222,-17.312893518518518,1,1
25cac425f64ae1b78c60c2afae3ec384,2,2018-01-16 23:21:40,0.0,-17.22431712962963,0,1
25f24493ded5ebebc26a69b5db344e35,2,2018-02-25 21:24:36,105.04491898148149,-7.345486111111111,0,1
25f3cf83109f636d52d288fa4e797111,3,2018-02-25 21:01:08,5.787037037037037e-06,-8.695943287037037,0,1
26a9b95058d46f1e6a685688355a1cdb,2,2018-05-16 17:25:17,0.003576388888888889,-9.182349537037037,0,0
26d1b63e9b8478f84f87188c4877049e,2,2017-08-08 10:40:16,32.81695601851852,-12.07261574074074,1,1
26e025af2347c3968f6a578f853a9da2,2,2018-05-14 17:21:01,223.1358101851852,-10.0640625,1,0
26f06401a5374fd3d26b6eed06af675f,2,2018-03-08 22:19:42,1.1574074074074073e-05,-2.3704282407407407,1,0
271d3cdd872021b1b6669ad93e8b856b,2,2018-02-13 16:36:56,0.0,-6.245231481481482,1,1
27259fad9054fce994a70f1d117bc402,2,2017-11-24 23:36:43,241.16833333333332,-16.36769675925926,0,1
27517ed34c0406fe07b3a806e33cbc10,2,2017-10-17 00:34:56,14.222546296296297,-10.155127314814814,0,1
2767f1bba0529fe3f48378c05ea40f0f,2,2018-04-05 11:23:16,279.90447916666665,-16.1746875,1,0
27d59fe7ff2ed894f826fd4a7e5466ea,2,2018-03-08 23:18:44,68.2180324074074,0.7073032407407407,0,0
27e86d2ae0db33b8d242c9251067d97e,2,2017-07-14 22:39:12,84.02594907407408,-9.196203703703704,1,1
280c34dc057ff9f3cd17360673d4b87c,2,2018-01-16 20:28:07,112.89952546296297,-13.271319444444444,1,1
281e1e72207e518c29b249a1361a775d,2,2017-07-27 22:41:07,80.445625,-6.360914351851852,1,1
282dc4abbf2759fb9bb77217f5cd6c4c,2,2017-12-05 23:31:12,139.2229976851852,8.776840277777778,1,1
286d8f01f94a8061cef05c7c49efd8a9,2,2018-01-21 08:17:29,75.58050925925926,-12.284398148148147,1,1
2878289928927b75d078057c8d91405f,2,2018-01-08 17:37:09,302.8206134259259,-20.363078703703703,1,1
28989ef45087c96e5a4346e88216c2ba,2,2017-01-21 19:46:23,1.1574074074074073e-05,-33.3443287037037,1,1
289dcfbdf9ce2f94565a76800eb71157,2,2017-11-16 22:02:48,0.0,-3.054050925925926,0,1
28ad66c8baf13c85d2a936d0b06e73f6,2,2017-12-25 20:54:32,266.34127314814816,-14.42204861111111,1,1
28c7e3fb75d7ce1e496dc539443b71da,2,2017-07-28 09:35:08,0.0,-20.426597222222224,1,1
28cfa4471fab15695744e57ce3036694,2,2018-01-28 15:08:22,1.1574074074074073e-05,-12.292615740740741,1,1
28da99e178f274876e3052c1740c6c87,2,2017-08-31 10:21:58,19.594988425925926,-12.12673611111111,0,1
28dd1607a5e16ed5458919c2afca6476,2,2018-02-23 13:56:37,1.1574074074074073e-05,-25.09806712962963,0,1
2947c03745112e23dced5a2ab3f8c568,2,2018-03-05 15:32:16,2.3148148148148147e-05,37.92553240740741,0,0
294e0922aa06792eea5094656727c0bd,2,2017-05-20 15:56:32,16.84386574074074,-7.401099537037037,1,1
297ec5afd18366f5ba27520cc4954151,3,2018-05-12 21:23:13,42.66425347222222,-14.604380787037037,1,0
298c3e1a698283a45f1c94df3942bb3b,2,2018-03-28 20:52:11,25.050196759259258,-4.227256944444444,1,0
29d72fba272ad06ed0b2ac6351da042f,2,2018-05-22 09:20:02,104.91561342592593,-1.441099537037037,0,0
29f8e372b3b1d42ad2e00a0b976bfc34,2,2018-04-30 17:22:01,257.27858796296294,-15.375347222222222,0,0
2a34af7c4b1b83d78b14cf6b9c32c3b9,2,2018-03-25 18:27:38,137.68046296296296,-9.102280092592592,1,0
2a3d4df1de5c9feee497328298916d41,2,2017-12-28 16:42:46,29.263472222222223,-8.230613425925926,1,1
2a3f4536e732a04cfad59b6e50c2e925,2,2017-11-11 13:02:47,58.98690972222222,-8.23826388888889,0,1
2a532e879c1278727d9d7001890cd333,2,2018-01-24 11:18:06,2.3148148148148147e-05,-14.550972222222223,0,1
2aba7239448982a76a0a79666419e3a3,2,2018-01-20 17:53:37,1.1574074074074073e-05,-5.3828125,0,1
2ac4312997e09e6770fd4c3d52adf77a,2,2018-01-08 23:22:26,4.940277777777778,-12.199247685185185,1,1
2ac6f6d09c75bb721defa2eb7a4f52a1,2,2017-10-31 00:48:08,49.22748842592593,-10.076122685185185,0,1
2ae3c67452283d5a0d30b32e0d33296e,2,2018-01-28 00:12:00,36.99609953703704,8.737407407407407,0,1
2ae6a57dcdd2f1424598fc480cbf698a,2,2018-02-18 12:40:55,0.6489930555555555,-1.2385300925925926,1,1
2b100d3737ff053e5003640064ee6ad8,2,2017-10-25 18:46:38,3.472222222222222e-05,-16.00804398148148,0,1
2b161eaf4956b131691842e87b3c39c7,3,2018-03-13 09:45:56,6.970341435185185,-12.331296296296296,1,0
2b174670dbec666bbc68b6e2a4062740,2,2017-07-10 13:26:40,63.66184027777778,-9.202361111111111,1,1
2b19910e856b2ba3e7257e63a093a3df,2,2017-09-26 10:24:26,0.48819444444444443,-17.140555555555554,0,1
2b4871f788b44ee004ec2c7fc7cd420b,2,2017-10-31 12:02:07,105.00069444444445,-7.140775462962963,1,1
2b4efa2bb0d9e62ee5e197cacd93c0d6,2,2018-01-28 15:09:08,133.03907407407408,-23.11309027777778,1,1
2b5c14b7e1a3d88ff7e0c46e15851f5f,2,2017-07-17 16:14:02,0.0,1.5695138888888889,0,1
2b5ffb4c42d26e466ad575ecce365aa2,2,2018-04-13 09:32:23,395.70813657407405,-27.101979166666666,1,0
2b6ce149982204423f4efac29701255a,2,2018-01-07 20:09:08,118.09842592592592,-22.134502314814814,1,1
2b775b75afa0be08220fb73a7e68df3b,2,2017-10-30 19:25:26,128.9066435185185,-10.122372685185185,1,1
2b952792a20f6076f6e7a9c6a27ade02,2,2017-11-25 00:23:00,172.38414351851853,-15.246736111111112,1,1
2bd9d2f3cc5d99b1b3d9ff5acd81bd5e,2,2017-11-06 20:30:25,173.98510416666667,-8.209247685185185,1,1
2c6a91479a7dc00d8c9d650d8dee88ca,2,2018-01-16 21:39:46,70.99704861111111,-13.199189814814815,1,1
2c961ee955abb3ac9a80babd54ed4156,2,2018-01-27 12:04:16,6.636597222222222,-15.208576388888888,1,1
2ca8ef8560c5cd0f9ddb65d1b1b51380,2,2017-12-09 17:59:48,1.1574074074074073e-05,-8.380439814814816,0,1
2ccc5d0620e07e3b54b83848c31a08fa,2,2018-03-16 19:39:14,22.017060185185183,0.8747337962962963,1,0
2cf396c9e24e7627ff042cccb209b9e6,2,2017-09-18 23:34:58,39.22082175925926,-1.5362731481481482,1,1
2cff422ea56f68a1e1bdce4371b88d66,2,2018-05-22 09:55:20,11.031527777777777,-22.12853009259259,0,0
2d0aa39055b967248bf551e220b55f59,2,2018-02-26 18:18:58,1.1574074074074073e-05,-17.988356481481482,0,1
2d49eaf79111ff286fe657aadbed5a28,2,2018-05-07 07:17:20,288.66856481481483,-12.45574074074074,1,0
2d7a88002fb4c6073fbef4f59707a0e0,2,2017-01-19 15:21:44,0.0,-34.24556712962963,0,1
2d7c6bd64b139f0f40968dd19c629532,2,2017-08-01 13:29:51,9.474953703703704,-32.26837962962963,0,1
2dacd79aa5d1a86240b37b6c588de551,2,2018-02-28 16:07:14,5.787037037037037e-05,-5.081064814814815,1,1
2dc7f51f05ba1b1a92608e45e55d1fe1,2,2017-12-21 20:04:26,294.9632060185185,-15.159733796296296,1,1
2dcbfb99d95c7ba6eb992a98627f45b8,2,2017-12-03 20:37:09,5.806041666666666,-12.159988425925926,0,1
2dd7f52683f631651a5d94056935e1e1,2,2018-02-12 20:16:39,5.352997685185185,-5.112141203703704,1,1
2ddc001b620bd90d0f4378cfde1db887,4,2018-04-04 14:57:59,62.100273919753086,-9.952033179012346,1,0
2e08911037fe7ec67377711eee1fdbf3,2,2018-03-01 18:15:16,94.84960648148149,-12.482858796296297,1,0
2e0a2166aa23da2472c6a60c4af6f7a6,2,2017-10-29 10:19:49,252.36877314814814,-3.375590277777778,1,1
2e366b0c6451864364bab2e7917ca1bb,2,2017-05-31 06:32:49,2.0079861111111112,65.74144675925926,0,1
2e43e031f10de28e557c35ef668f9396,3,2017-01-26 13:15:42,5.787037037037037e-06,-36.921898148148145,0,1
2e7c511f54e9d94776c606007d672a22,2,2018-04-10 18:28:31,1.2313194444444444,-11.1884375,0,0
2e9399fc2fe209771a6f719e14bdb6fe,2,2017-11-25 00:16:56,0.2763888888888889,-18.21607638888889,1,1
2ef9e79cf6bf3c0dac3b48c8dd46259e,2,2018-05-01 15:09:52,41.12582175925926,-13.217650462962963,0,0
2f1ae2ed6bbc4661d04c271560570c54,2,2018-03-31 16:43:35,119.23306712962963,-20.148958333333333,1,0
2f293b442348c20d12aa4537bd3d7234,2,2018-05-22 20:14:54,33.028310185185184,-4.306678240740741,0,0
2f41863e0922b8d1fbb756691b5c315b,2,2017-04-06 20:24:10,0.0,-14.643981481481482,1,1
2f679a526d3b619beccc26a3d1435de4,2,2017-12-03 00:00:10,17.356597222222224,-8.133206018518518,0,1
2f7c8c8386941ce0ef458ca7ff304123,2,2017-08-19 20:46:24,37.353101851851854,-26.612731481481482,1,1
2f87ccd8d2d676d667a844ee5c6a17bd,2,2018-01-17 15:54:43,117.3335300925926,-19.48837962962963,0,1
2fa63db193ecb500d4058cae36026f8f,2,2018-04-23 21:25:00,8.42318287037037,-12.514270833333333,0,0
2fb6dae4fb3a2f917940978144362cd2,2,2018-04-15 14:27:23,193.88646990740742,-21.29792824074074,1,0
2fc5e667ccf2a1c87a798be23f1c920a,2,2017-11-04 14:02:54,0.0,13.697673611111112,1,1
2fd07dc5dbae616986e00fb72e7a779b,2,2018-05-06 15:46:21,9.815856481481482,-5.986597222222223,0,0
2fe074ea3cc24b8fd57d29effc995f8b,2,2017-12-01 07:15:07,229.69104166666668,-11.368784722222221,1,1
2ff1b818fb048c44dc6629f013cceae6,2,2017-08-04 15:17:18,0.0,-8.240266203703703,1,1
301a6d74a3eb7cd8e3508a045b8fa2e1,2,2017-08-23 16:22:05,9.832395833333333,-15.18980324074074,0,1
30a81e307f19e822e7199139fe52b1b0,3,2018-03-16 16:04:30,72.0884375,-9.327054398148148,0,0
30d2d6693d77801c2bcdfafbba202462,2,2018-03-12 19:24:17,17.892789351851853,-1.0291550925925925,1,0
310647380793836bfa5b7b6b3f518423,3,2017-10-18 13:34:48,91.57921296296297,-12.275387731481482,1,1
3110339155d740dc64b31e1666952100,2,2017-06-07 14:10:15,0.0,-10.536898148148149,0,1
314259ece6a9207c6fc02d925fc996b9,2,2018-03-20 09:24:44,22.961770833333333,-3.4302430555555556,1,0
3170ebd8b32a5e2102c9d75e0a7f6d74,2,2017-08-25 11:16:05,3.9385416666666666,-8.413587962962962,1,1
317f563ca3576550955f39a346b15be5,2,2018-02-20 21:00:39,27.90016203703704,4.443518518518519,0,1
318b8659483e12e9cbe1e6550d97f9d9,2,2017-03-01 12:54:25,20.000833333333333,-6.357430555555555,0,1
319aed7fd576c317a96b55a991befb3e,2,2018-03-24 09:43:16,17.932418981481483,-8.160555555555556,0,0
31aa2034dc4b34b06487e22a53b4a07a,2,2017-09-29 18:39:14,15.749375,-10.220104166666667,0,1
31bfa97f1ea0663a50ebc5c811ebdf4d,2,2017-11-02 19:29:31,23.141180555555554,3.946076388888889,1,1
31d4b05ef830a7347b8f43640eb6511e,2,2017-02-22 21:56:03,1.1574074074074073e-05,-17.531400462962964,0,1
31d958dffbf0b744375b5ff0393e6fb3,2,2017-09-20 06:27:32,126.95549768518518,-8.066898148148148,1,1
31e0eb64c5eb715aab04433200ea4ed5,2,2017-09-20 13:05:16,9.474745370370371,-5.171493055555556,0,1
31e2e13cc64f2a3bd9dbde22bbad06b2,2,2018-01-25 01:39:13,1.285,-6.0259375,0,1
31f49e069c399db9c3a0bdf8653e4e8f,2,2017-09-08 16:38:17,2.3148148148148147e-05,-9.1271875,0,1
320e13a9e22b4e4cda8c17ed1c140ce0,2,2017-12-05 22:17:41,8.357592592592592,-8.007777777777777,0,1
322740034480eb5fe9d14398aee49d4b,2,2018-04-04 19:07:44,0.0,-14.209456018518518,0,0
323f8f14acb90e50f86f1885b6b53c6d,2,2017-01-30 14:19:23,1.1574074074074073e-05,-34.57479166666667,1,1
32539c368b3b9fa70283a7bce0f23909,2,2018-02-21 18:14:59,1.1574074074074073e-05,-14.238344907407408,0,1
325e19085f3017b73be3d9fd98a93301,2,2017-01-31 12:01:46,11.780763888888888,-31.538136574074073,0,1
326489271c23dd3128b4480220e5232a,2,2018-05-15 21:10:13,20.95689814814815,3.864386574074074,1,0
3279712e1ea8d52462488b4fb9dd7014,2,2018-05-18 22:32:01,9.407025462962963,8.081516203703703,0,0
327a01a6885ecfda06a3d5c50fb515c3,2,2018-05-03 14:00:59,259.264224537037,-13.216493055555556,1,0
32c3312cd5a2dddfdcbd359694cd7ae8,2,2017-12-23 22:16:16,148.66254629629628,-15.299537037037037,1,1
32cbbf7b9770feb67a514300686f5485,2,2018-02-08 20:09:44,0.0,-7.280439814814815,0,1
32e93651fbc6d641cffdc40c50d982a3,2,2017-03-27 19:10:47,1.1574074074074073e-05,-17.307129629629628,0,1
33416ee3d4fa56400ec814d7b24bde02,2,2018-05-09 23:51:53,106.52087962962963,-17.112118055555555,1,0
334293c291f43a6aa85020f8597a171f,2,2017-10-06 08:55:04,66.72038194444444,-16.253668981481482,1,1
335be0ca4b7aa8578e364a76efd4da52,2,2017-06-19 21:27:05,0.0,-15.493229166666667,0,1
336421b86cc4259a58106da261e0e000,2,2017-05-09 15:29:51,68.00481481481482,-13.553819444444445,0,1
339c527109c4c03e8e09bd4b593dab5f,2,2017-09-27 13:45:14,184.2224652777778,-18.063842592592593,1,1
33aa371b7512b6a9fede4f231e212226,2,2017-09-16 23:26:17,47.99302083333333,-13.292685185185185,0,1
33aca86429de0f71ff7118b93bb09712,2,2017-12-11 23:21:10,60.42122685185185,-13.94269675925926,0,1
33b141e373b4f251b033f9ed33d6974d,2,2018-04-30 10:59:11,200.72733796296296,-13.149386574074073,1,0
33b239671c1c878914ed922a0dacd607,2,2017-06-06 21:33:06,0.13399305555555555,-15.202106481481481,0,1
340d924858c395848c127b3e772b6bfd,2,2018-03-01 12:56:40,244.605,-11.134027777777778,1,1
3442a61b2d5bfd9d605d6943701ad650,2,2018-03-26 07:03:11,14.496851851851853,-20.20474537037037,1,0
3443f8095ad309eebbdc8caa8b2bf936,2,2017-06-13 11:13:23,4.64056712962963,-7.244548611111111,1,1
345817899c325d8b41c9e88011a8ab43,2,2018-03-14 21:15:35,246.06386574074074,2.973449074074074,1,0
346534c8088852932d947f4b8fea3959,2,2017-07-26 15:04:07,49.13638888888889,-16.24159722222222,0,1
346fce1712054d4339be023a27c38f13,2,2018-02-26 15:59:29,2.3148148148148147e-05,-6.231574074074074,1,1
34fbeb535f3ba8b34bb0f919b0ad36bb,2,2018-02-18 09:36:02,1.1574074074074073e-05,-9.510798611111111,0,1
3504bea0c72ad9e945b63f889702d2d4,2,2017-12-19 15:16:07,203.13819444444445,-8.026469907407407,1,1
355ae139c8a163fb77c065a2d1403ed9,2,2017-05-09 14:38:00,25.9690625,-1.2884143518518518,0,1
3578707d5fbfaaad05a3862a179bf76d,2,2018-01-29 10:14:11,2.3148148148148147e-05,-23.393333333333334,0,1
35825208c1a9b2d7cccd2eee08d8cbc6,2,2018-02-24 20:29:18,0.0,-10.963229166666666,1,1
359bacb2b5c52b4287667a7bc6c7bc63,2,2017-05-15 17:13:19,28.330833333333334,-6.355717592592592,0,1
35de25c73544f00e8adde226a4d1bdcc,2,2017-10-01 11:46:49,132.98881944444443,-24.05412037037037,1,1
35e146c985a9cf989c91edb4c0c156fa,2,2017-01-15 17:58:43,1.1574074074074073e-05,-21.36681712962963,0,1
35e9d2caa31b87cc3d1ad10d72271140,2,2017-07-11 07:53:49,11.767106481481482,-7.2165740740740745,1,1
35ecdf6858edc6427223b64804cf028e,5,2018-03-31 21:18:49,59.56657986111111,-11.944146412037037,1,0
362928c8cd61df2e6951751dffb4be85,2,2017-10-24 23:15:14,0.0,-12.180578703703704,0,1
36445bb429c8bb13c3f8cd6794723647,2,2017-05-16 17:33:46,1.782673611111111,-19.776226851851852,0,1
3648f9e5f51f679ed24deff1f031a093,2,2017-12-07 09:32:16,25.59173611111111,-19.10042824074074,1,1
3660e33bc132658a08c234cc82e6d0cc,2,2018-01-09 09:51:36,1.1574074074074073e-05,-18.018229166666668,0,1
367f4686d7112d69feed92b02a1775ed,2,2017-05-19 18:13:54,2.3148148148148147e-05,-7.6710416666666665,0,1
36be413fe0f4a74eee7b764e758730ed,2,2017-12-01 17:53:36,1.1574074074074073e-05,-5.349444444444444,0,1
36cfec707344b75d20e6c7ef583c3b8c,2,2018-05-20 22:55:19,175.0717361111111,-5.244178240740741,0,0
370cd3b09ea745fe047fd11db7430441,2,2017-11-27 22:36:14,1.1574074074074073e-05,-18.18145833333333,1,1
3724bfc68569cc4df876284536b8add9,2,2017-08-28 17:01:46,100.11391203703704,-12.14394675925926,0,1
374fcbbfcf189ae177b2f955f9e74b3d,2,2018-05-22 20:25:50,334.21489583333334,-5.077418981481482,1,0
37545efd489b0b7c9aa20690f344271d,2,2017-09-18 00:28:52,1.1574074074074073e-05,-17.348761574074075,0,1
37669671d35808111ab0d229e546221f,2,2018-04-27 14:27:13,13.992569444444445,-20.260567129629628,1,0
377860a7242c2e503c926b76ab6e0a65,2,2018-01-08 22:15:07,229.20538194444444,-10.302418981481482,0,1
378c06babf08c70f32e748ac24ea33e0,2,2018-01-16 00:16:07,1.1574074074074073e-05,-7.262118055555556,1,1
379a5698aeca26ff55abca9bc7fcaa4f,2,2018-02-28 22:10:48,96.00018518518519,-9.086967592592593,1,1
37cc3e75e39bb11d75a1982ac0d07c17,2,2017-02-24 15:46:49,20.680659722222224,1.7031597222222221,1,1
37d0b647301742b1b17d627e4c10aeae,2,2017-12-05 19:03:15,2.3148148148148147e-05,-16.16462962962963,0,1
37d2d1ac62901f9a36cff32ca86c9337,2,2018-01-24 21:57:44,59.37972222222222,-18.01622685185185,0,1
37f2527bb624e379f72a742154fdb762,2,2018-05-28 15:37:54,17.252407407407407,-23.129212962962963,0,0
37f8e7062a53c1a0fca4f59f4c6b1429,2,2017-10-16 19:39:16,200.3192476851852,-36.14105324074074,1,1
382ad79426068e4ba6ed73491d4441cb,2,2017-06-04 12:09:59,1.1574074074074073e-05,-6.282037037037037,1,1
384d6654ad80e9f1426b7a4ef9e40997,2,2018-03-20 17:23:39,0.0,-7.027905092592593,1,0
3871b0ab0166a2f441fa762f5206cacc,2,2017-09-10 22:33:41,84.27491898148148,-14.357094907407408,0,1
388661387449408a9ab88ea55c9f1a0f,2,2018-03-05 10:43:53,214.90119212962964,-0.4972685185185185,0,0
38dd3f4e8a4cc5e32dd0a4426a1961fa,2,2017-08-30 18:14:58,0.006898148148148148,-3.0950231481481483,0,1
38e74ef4e3bcf3019fd22b84649bf90d,2,2017-07-10 11:15:04,1.1574074074074073e-05,-4.265532407407408,1,1
39104edef5e46d7b8c61848cc95e6d97,3,2017-10-01 10:11:40,40.377424768518516,-12.663686342592593,1,1
3991c84b618da2e02b44ba48aba925d1,2,2018-02-14 13:47:37,1.1574074074074073e-05,-22.003622685185185,1,1
399a2a06a7ddefb3b09460ba6a1bcf12,2,2018-05-07 22:14:31,0.01480324074074074,-6.186099537037037,1,0
39ae2ab725be4a0db66896735a49dac7,2,2017-07-10 13:33:18,1.1574074074074073e-05,-12.172233796296297,0,1
39ce02a045b8e7b0329984df3109957b,2,2017-09-27 20:46:43,99.92329861111111,-11.232986111111112,0,1
39d28c99c5382bfc238c047203595443,2,2017-11-20 19:57:03,34.01795138888889,-11.049236111111112,0,1
39fff7cb5873a7116b02234bd1e6c6dc,2,2018-05-03 18:54:48,213.42306712962963,-5.102731481481482,1,0
3a131e6c88849b1d0b28020c3809ea29,2,2017-11-05 22:41:51,8.101851851851852e-05,-18.196805555555557,0,1
3a2d236fc85fdf338f179ca0cd725433,2,2017-07-31 12:32:16,58.63446759259259,-13.333194444444445,0,1
3a43af6775cec872d9a3c80707eb3336,2,2018-05-07 10:45:57,94.52341435185186,-8.109375,0,0
3a4acf4c4c97cc25075d29f8d29f405b,2,2018-05-20 20:27:37,11.453194444444444,1.6995717592592594,1,0
3a502a4d1e63887120fdc3b323224d70,2,2017-11-08 20:44:33,1.1574074074074073e-05,-10.35494212962963,0,1
3a5b0d10ee72cefb504df217532a4e6a,2,2018-02-27 15:22:01,2.3148148148148147e-05,-23.035671296296297,0,1
3a649b3c6b379a427fa6f4a5f646a43d,2,2017-08-11 16:25:03,0.0,-13.93923611111111,0,1
3a73ce6fc3b392e1ca609b5548418c36,2,2018-01-23 14:50:49,7.188935185185185,-21.111574074074074,1,1
3aa71d539bb760f054b280604391602a,2,2017-12-02 08:50:35,1.1574074074074073e-05,-24.227210648148148,1,1
3ae522de6b23a3699ef105d4c4b3b82d,2,2017-10-03 20:39:34,41.16395833333333,-17.24127314814815,1,1
3af90f255e824d1d53b3584a4e89ad58,2,2018-05-10 15:49:11,466.888125,10.881215277777779,1,0
3b6f5d22fb32e6ac2fbbb944b18cf1bb,2,2017-07-24 13:40:58,2.3148148148148147e-05,-14.200451388888888,0,1
3b92b8617254e581d164b5d213d437a2,2,2018-01-08 12:54:10,262.80925925925925,-13.259456018518518,1,1
3bab949ef05da8e9b3cfd541b6af0ffd,3,2017-06-11 12:44:43,20.960752314814815,-16.80755787037037,0,1
3be412c1321c061d6f85c5e41530ce2d,2,2018-03-22 14:41:50,282.0116087962963,-0.021909722222222223,1,0
3bfda42ef722cb59c430e6be0b68628c,2,2017-07-22 00:29:43,16.029918981481483,-14.241342592592593,1,1
3c166bd80203dfb723ba32f64bedd87b,2,2018-05-08 12:33:53,19.660081018518518,-2.1760300925925926,1,0
3c25f47ab68536a1d3d6b29b9c8b7e63,2,2017-11-28 13:33:44,69.0695949074074,-6.3728125,1,1
3c3dbbf3d36a7a4587efada79a3166cd,2,2018-03-07 14:04:21,7.126342592592593,-6.282604166666666,0,0
3c555d15cca5369965d1759ad9530a66,2,2018-05-13 07:12:41,19.863043981481482,-24.158055555555556,0,0
3c884190b71bbb36aab161465ff1d2c7,2,2018-02-17 01:20:12,6.031828703703703,-14.13994212962963,1,1
3cd4207d6ce944798257ac5953640a40,2,2018-03-26 12:26:23,159.84622685185184,8.644930555555556,1,0
3d4cd13fd525234c1c4a2304fbe769e0,2,2017-12-12 23:41:30,0.0,-13.186030092592592,0,1
3d50a44231c2a153219cef76ee3e445d,2,2018-02-22 09:54:40,308.98181712962963,22.830925925925925,1,1
3d71bc3ae0c9f857ffe17636e0d59aab,2,2017-06-09 10:05:46,15.375833333333333,-22.189085648148147,0,1
3d740e7cbf7e5b18027f204bd01b0be4,2,2017-08-12 01:33:51,1.1574074074074073e-05,-55.15568287037037,1,1
3d75cbf8643a1c15723adb850fb5f928,2,2018-03-03 23:35:15,48.28950231481481,0.9673263888888889,1,0
3db6e5afa8e8178a29afc729855315e2,3,2017-11-24 18:28:18,84.58898148148148,-5.756643518518518,1,1
3de0c9303f39b7ccfe69ca11aee19cc6,3,2018-04-25 11:42:05,47.94977430555556,-8.603177083333334,0,0
3df4912077693dc7933267da9542825c,2,2018-02-11 11:17:16,224.55145833333333,4.64,1,1
3e43e6105506432c953e165fb2acf44c,9,2018-02-27 18:36:39,20.248559027777777,-8.764076967592592,1,1
3e47025034c5a31cff56168ac0519f1f,2,2018-04-18 16:51:33,13.027789351851851,-11.026828703703703,0,0
3e5306add1209e5ba184092dd1587282,3,2018-01-11 15:11:40,180.60317708333332,-17.241712962962964,1,1
3e5dd5efb71f831fffee3735c9e41e87,2,2018-02-13 10:20:55,1.1574074074074073e-05,-10.320393518518518,0,1
3e6658866cc636c1762c080ed56f44e6,2,2018-03-19 20:06:48,393.15747685185187,-7.046643518518518,1,0
3ec83b54e0afb70def9480cd6b9097f7,2,2018-02-27 12:23:58,0.001400462962962963,-18.04398148148148,0,1
3f00548d480f59bdac5e1ad8a68dcfe1,2,2018-01-15 16:14:03,91.05429398148148,-17.116215277777776,1,1
3f1ae9854823f7c0a8027bd994b2ce64,2,2018-04-03 17:00:04,21.15394675925926,-18.473263888888887,0,0
3f36fa15a16c4850992aa0f33561906e,2,2017-06-01 16:05:36,115.04938657407408,-18.49050925925926,0,1
3f5534bf8c9378ee05b7dd684cb20e8a,2,2017-11-07 10:46:50,35.059872685185184,-11.328645833333333,0,1
3f6ac9a49767899814866524054ba779,2,2017-04-07 09:45:56,2.3148148148148147e-05,-7.483159722222222,1,1
3fdc39171d444e1a1cd4da98ac2e4adb,2,2018-04-11 21:37:23,42.26701388888889,-21.384120370370372,0,0
4067ba7df47a2bcb753ae5f7530fc7cc,2,2017-05-30 11:43:19,7.90212962962963,-13.659652777777778,0,1
40730ca1af9742bd0bdbcef270ff4c76,2,2017-11-28 15:40:08,146.99577546296297,-17.602650462962963,1,1
407a6773db6e845737d04a6e27e653b4,2,2017-09-17 14:14:19,4.260370370370371,-8.141319444444445,1,1
408b1dc1bf28c3245e5eca9097e14b9f,2,2018-02-21 22:53:15,122.3189699074074,10.909027777777778,0,1
409379e6e577c89589dade402e6c2522,2,2018-03-01 21:22:45,280.86737268518516,-8.963877314814814,0,0
409fffcdaf4d0eb689458f1df6b2c240,2,2018-01-18 00:19:42,1.1574074074074073e-05,-13.100069444444445,1,1
410a0462acba9ae869f84450fae8a4ea,2,2018-05-29 08:41:45,19.42337962962963,-12.500833333333333,1,0
4127cb95c20254485869d698037a3dfd,2,2017-06-09 22:48:58,2.3148148148148147e-05,0.4580324074074074,0,1
41348c09a551501117e31f8a4149950c,2,2017-12-12 22:51:55,29.36841435185185,-0.03113425925925926,1,1
417021b1b4553c55daa22f17dbf37cdc,2,2018-03-31 11:15:27,1.8990046296296297,-8.078854166666666,0,0
418ee6e3b8f19158d67d5039f19783b9,2,2017-05-15 22:01:22,1.1574074074074073e-05,-12.517685185185185,0,1
4191bcfd448dc07138d2951ea4d10008,2,2017-11-06 19:23:13,154.08959490740742,-2.401261574074074,1,1
41b3ab6b1f95cbd2afb361e852a56917,2,2017-09-13 08:00:50,6.918379629629629,-8.348715277777778,0,1
4220ae19dee604e8c1dddccd4e535502,2,2018-05-11 20:22:23,135.2516435185185,-9.074849537037037,1,0
42398dee8f2098eec5579129cc1a6f5e,2,2017-11-28 22:18:10,72.14636574074073,-0.016006944444444445,0,1
425634deb94b1080fc7d283f3a644941,2,2017-10-13 10:21:42,2.779872685185185,-24.844675925925927,1,1
429de3d8004cbe46652a0e069fc545e3,2,2018-01-25 16:24:07,0.018252314814814815,-13.025092592592593,1,1
42befda568ea0df110b6cec63c233bea,2,2018-03-23 13:44:28,165.06016203703703,-7.151493055555556,1,0
4307ca57b237ef2790e2a99ebcf3c7db,2,2018-02-05 18:03:36,2.155219907407407,-13.035532407407407,0,1
43255e3df6cda368809baa2fc72872c8,2,2018-02-10 09:25:05,230.59023148148148,-12.080462962962963,1,1
432aa6200ee9673be90863a912dc91dc,2,2018-03-13 13:11:48,165.08605324074074,-28.214050925925925,1,0
434825743a3426c100c479f571816a81,2,2017-07-18 08:52:43,1.1574074074074073e-05,-10.330150462962964,0,1
43714f2590bcb9f935ae68073d6c34f1,2,2018-01-22 19:14:06,0.25155092592592593,-5.377210648148148,0,1
4377c22228de511d013c6a7560d58a2d,2,2017-12-02 11:31:32,17.77366898148148,-24.18133101851852,0,1
439624e26bc73309799fd718773bdb8a,2,2017-12-04 09:56:29,122.5757175925926,2.713935185185185,1,1
43c73f9043398f0dd2163fc5f825e61a,2,2017-11-09 12:24:44,15.826273148148148,-11.438472222222222,1,1
43dce1c46f91f3cd233905d0a8b19153,2,2018-03-06 14:58:36,307.9960300925926,-7.109664351851852,0,0
43f9d5ace80c6d3c5c09544bc2fa8484,2,2017-12-12 07:56:37,16.912685185185186,-1.2596064814814816,1,1
4440347c82849cd13be225a1cafba6ba,2,2018-03-09 10:24:47,0.0001851851851851852,7.0059375,0,0
444afd392665f1cc1f3b65ec48063735,2,2018-02-21 07:41:25,0.0,-19.064594907407407,0,1
4473c7b8da89833fc08fcd3443faea81,2,2018-02-14 15:22:57,1.1574074074074073e-05,-6.169976851851852,0,1
44a22a3351d7f1bb3d337d1be11b41fb,2,2017-12-17 10:49:02,42.56564814814815,-13.284594907407408,0,1
44adda057b51a700d1e287783b02516e,2,2018-05-13 23:54:31,20.492962962962963,-2.2138541666666667,1,0
44b6bbfea26596437062a38c8e6bcec1,2,2017-05-23 22:28:36,6.506608796296296,-123.43340277777777,0,1
44bd7571a7dad968306f7776bd5a5745,2,2018-02-19 21:22:19,7.296944444444445,-15.995555555555555,1,1
44dbd08cc06662e0ca8ac504aac75f18,2,2018-04-22 21:00:26,0.02863425925925926,-18.16065972222222,1,0
44e64b7162915525578f601e73e72b16,2,2018-04-23 17:41:34,65.32918981481481,-18.09398148148148,0,0
44ed2c2de63bfe22f6596547584d7372,2,2017-09-16 16:19:14,19.86695601851852,-13.105011574074075,0,1
453c2895f29b6d9a47f8cb48e00b024b,2,2018-04-19 18:41:17,213.17332175925927,-9.073194444444445,0,0
455b49402053f170c64a3ae7fced73d4,2,2018-02-17 14:17:35,162.8808101851852,-13.431238425925926,1,1
455c17b35969ca198c17f2fc9e8eba1b,3,2018-03-10 01:46:47,182.47468171296296,-2.5257002314814816,1,0
459759c02362af7a218dd2fe035b3c07,2,2017-08-16 10:59:07,1.1574074074074073e-05,-26.183819444444445,0,1
45ca4053806ecd0f595c633184e0ff61,2,2018-04-18 21:22:49,296.1523148148148,2.640347222222222,0,0
45cfc55a4d5073c50be858369454fc0e,2,2018-04-21 08:51:36,296.6893865740741,-18.140532407407406,0,0
45df9d71b80f651fcfd26763eebd027a,2,2017-12-01 12:18:11,6.944444444444444e-05,1.7126736111111112,0,1
4644f1b187e390a08b4c66fb16c91364,2,2018-03-16 11:19:46,0.0115625,-12.05644675925926,0,0
4666e7be827bb14bf746a56f740e62c5,2,2017-05-21 07:59:40,2.3148148148148147e-05,-15.681331018518518,1,1
4681829483318507ed55682649de6571,2,2018-01-30 13:05:27,68.02046296296297,-13.035671296296297,1,1
46958f708ade6b6a88b2e5aca1e66de5,3,2017-08-30 06:22:58,5.787037037037037e-06,-16.670341435185186,0,1
46b061196b47dfe9318d38bab6a40ee7,2,2018-01-13 00:03:20,4.530057870370371,-8.23695601851852,1,1
4702945c3b363dd3a5d1cbe913cc95d2,2,2017-10-11 13:36:30,1.1574074074074073e-05,-7.303993055555556,0,1
473d9165586cfc6708841d07adf6c020,2,2018-05-16 10:40:30,79.79217592592593,-13.900810185185184,1,0
4754e3b66497719a91b36268ed9c5718,2,2017-12-08 09:42:44,1.1574074074074073e-05,-14.203460648148148,1,1
4757b4d81eaab4d270e585126410dc5c,2,2017-05-01 22:47:34,23.967476851851853,-18.35244212962963,1,1
475cab480951109dec3ad6f770167fa5,2,2017-07-31 10:39:11,28.050833333333333,-13.229050925925925,0,1
475d4eb16efe698064c2966acd62584c,2,2018-03-21 09:01:26,1.930925925925926,-4.182893518518519,1,0
477f7f182e8da105ba6713c0d5a24f15,2,2017-02-22 15:32:48,0.0,-19.278275462962963,1,1
479085be6190cd4a8e610b4fcce5f29c,2,2017-07-21 11:05:42,0.0,-19.263055555555557,0,1
47a71b49f98984efd3c62cb213f977e8,2,2017-11-05 10:38:50,10.898460648148149,-4.43599537037037,0,1
47c1a3033b8b77b3ab6e109eb4d5fdf3,6,2018-01-24 15:15:26,34.00848148148148,-8.000886574074075,1,1
47c89a36acb8a73127ec91d0542289b5,2,2018-05-05 14:20:42,192.02872685185184,-11.151458333333334,1,0
481060b29de0e9b3d7f4b2991cfb0767,2,2018-05-18 23:28:12,3.2236689814814814,1.8881828703703705,1,0
4820f42c8203dcad5d2c17cf363048b0,2,2018-01-05 09:00:35,139.89402777777778,-21.241238425925925,1,1
485b849ef839f0f401da8bfdc7ac2781,2,2018-01-14 20:18:38,199.30478009259258,-3.049537037037037,0,1
48625b68a29dcfc3aba4b5147e0625aa,2,2018-02-05 17:27:54,133.4032638888889,-15.39667824074074,1,1
487b72af97cd4e1dcdfae25627f3ea8a,2,2017-12-08 08:29:41,14.375810185185186,-17.435752314814813,0,1
4897a3c64a635a703a71dd2d9189bffa,2,2017-09-29 09:18:47,167.8210185185185,-15.115520833333333,1,1
48fd7dec70f2b104a1d5e8c5c639102b,2,2017-09-02 11:53:32,124.53052083333333,-11.175231481481482,0,1
49257d143ec6384f53a6648062252966,2,2018-03-18 14:49:40,0.0,-7.168229166666666,1,0
4962136f755981b83b03f476e66eea7d,2,2017-11-11 16:13:40,398.1439236111111,-7.320196759259259,1,1
49afeec74ee36fc6e5582ccd16111a14,2,2017-11-17 13:16:48,0.011145833333333334,-9.219409722222222,0,1
49bf911a5666e781425b4fe91495454d,2,2017-12-04 13:15:11,0.0,-20.349363425925926,0,1
49c6b1ee895e59043bcd5e2135f08355,2,2018-05-25 10:55:11,206.9758564814815,-13.073796296296296,1,0
49cee01774f85ef576192e1038cf9cc6,2,2017-09-05 13:52:21,32.994988425925925,-14.208576388888888,0,1
49d1599dd80dedc213037342bbe43fd7,2,2017-12-17 10:50:51,197.6210763888889,-11.39943287037037,1,1
49d602890c664bcee124fa70e94d9fb1,2,2017-12-14 11:20:31,88.61783564814814,-15.266944444444444,1,1
49e6749fd8bf4a9218457eb19a92e200,2,2017-12-05 12:49:56,232.58659722222222,-21.167384259259258,1,1
49eb3e27a6fc361609658d710948cef7,2,2018-05-12 13:59:27,97.12077546296297,-11.070474537037038,1,0
4a2ef0b951aa7bdda04470d961d5e755,2,2017-10-08 19:00:03,6.944444444444444e-05,-16.984618055555554,0,1
4a433c62dfda8104d295307e855c82a7,2,2018-03-15 15:21:30,114.85270833333334,-21.185405092592593,0,0
4a6ccb379c9e5062ad3ce2324222fbf3,2,2018-03-28 17:03:47,62.0865625,-2.979976851851852,0,0
4b384b778ebc0449d0244902bfce7beb,2,2017-11-19 14:34:44,149.77019675925925,-12.109293981481482,1,1
4b8b7bf8d90bd492c7a61ec3ce264a0a,2,2018-03-18 15:50:21,0.0,-8.431631944444444,0,0
4b979b432abe14a88cd0cde893952677,2,2017-10-04 18:12:57,29.19465277777778,-14.261504629629629,0,1
4badd97df3e4ad6d64508b5c25d4dca9,2,2018-04-14 20:31:48,1.1574074074074073e-05,-11.206018518518519,0,0
4bbaf6f7a10a7e26a8777aa5cb6d5864,3,2018-03-17 11:24:48,202.3462037037037,-17.092291666666668,1,0
4bbba2a307995c25e9d635cc1a9700d0,2,2017-11-26 18:33:35,0.0,-20.431574074074074,0,1
4bf3d072dcf303280e82dc697b516c6f,2,2017-12-14 16:02:42,6.989895833333334,-13.247025462962963,0,1
4c0bac678bfb8ff0becd5b393b45a884,2,2018-01-05 14:56:40,0.0,-22.079502314814814,0,1
4c112bdeac93a04155c340b65b35c232,2,2017-06-06 15:19:21,7.977754629629629,-17.34318287037037,0,1
4c116f8ddec984371284ab7bc860001a,2,2017-07-25 16:34:00,26.96814814814815,-21.24483796296296,0,1
4c3d123168c78dcca6cde5a7274430a5,2,2017-06-12 08:57:04,28.852118055555554,-8.672905092592593,0,1
4c45ebf94ecf4107850d91bc326851c3,2,2017-09-04 23:02:26,0.0,-18.186203703703704,0,1
4c4b5dc90eb4e33188153ca3e7999f92,2,2018-04-08 13:05:01,1.8454050925925927,-6.519386574074074,0,0
4c5200f7d135c94fcd304cdd0af9837a,2,2018-05-01 20:40:43,9.278645833333334,-28.223055555555554,0,0
4c5ae17e8984ca0916543b159eac0f2c,2,2017-08-20 19:20:05,4.831122685185186,-21.28048611111111,0,1
4c93744516667ad3b8f1fb645a3116a4,2,2017-10-15 12:44:13,30.770625,-13.29162037037037,1,1
4cba4382020c8e217faee72173ecb0fc,2,2018-02-10 17:26:43,1.1574074074074073e-05,-9.935775462962964,0,1
4ced1b9f8668a9792e5484da6d97b229,2,2017-10-18 02:11:10,0.1099537037037037,-4.1663194444444445,0,1
4d191bb8e1eea602e77b4ab62cf4daac,2,2018-03-20 16:35:13,0.0,-16.13443287037037,1,0
4d1fe8b6f5e9ee044a14467c8b2832b6,2,2018-02-07 13:14:43,1.1574074074074073e-05,3.7795949074074073,0,1
4d28234ccc945685ca892f6184032215,2,2018-05-08 22:47:43,11.649189814814815,-14.190671296296296,1,0
4d2a058cead19bc1e7b3580be5893b2b,2,2018-01-22 22:42:18,0.0052893518518518515,-10.05263888888889,1,1
4d5cbb095f36a674f6f4a852959ad11d,2,2018-04-06 13:16:51,134.97453703703704,-13.382939814814815,1,0
4d98a16aebfef3772cc4d547bcae8761,2,2017-11-17 21:48:41,23.14633101851852,-12.213217592592592,0,1
4dcabe94c61f202327839a734955b0cf,2,2018-03-07 22:26:43,1.978611111111111,-0.0008217592592592593,1,0
4df9aee56fa602c72756abb22ee60b17,2,2017-12-11 10:06:05,28.050358796296297,-7.379398148148148,0,1
4e23e1826902ec9f208e8cc61329b494,2,2018-03-13 22:28:21,524.4134953703704,-26.464861111111112,1,0
4e2d666f4bbc94a8ded712172a433d65,3,2018-04-17 17:48:12,25.663524305555555,-23.273993055555554,1,0
4e39429218dac10ad4e57dafee3d92d4,2,2017-11-25 00:18:14,173.28699074074075,-12.264328703703704,1,1
4e3b6c25502ef69e5c5e54616bf67ed7,2,2017-03-09 10:38:32,0.0,-2.4721990740740742,0,1
4e4b787733d41ea0cb9b69a192bb285e,2,2017-12-02 09:09:36,5.937534722222222,-13.309988425925926,0,1
4e6588068c000d6f539cf24c66a96816,2,2018-02-19 09:23:33,0.0,-14.310844907407407,1,1
4e78d9253ba5cc1d990eb09ea45a3a2c,2,2017-03-23 15:51:16,1.1574074074074073e-05,-19.429583333333333,0,1
4eda116add853323e439c104b7d0824c,2,2017-11-23 19:28:37,22.170983796296298,-12.000659722222222,0,1
4ef6c02126b21225e011b242f9f79c6f,2,2017-12-13 12:37:46,206.04783564814815,-16.21662037037037,1,1
4f011f45db425dcd3be79d4c11e9ad05,2,2017-06-11 22:05:06,112.10756944444445,-7.5502314814814815,1,1
4f2029f4e7aea8455f5c1cb9de0b7ccd,2,2017-09-21 19:55:51,47.19247685185185,-14.151388888888889,0,1
4f223a62631b82cfb22241007bbd60dc,2,2018-05-13 18:41:30,103.09381944444445,-7.241226851851852,1,0
4f4a4c713a7892d9db23f694fc647d13,2,2018-01-31 10:15:48,0.0,-14.359907407407407,0,1
4f4d2fe2987efa0b9e4e61a466e8ed8b,2,2018-02-02 08:15:32,158.54871527777777,-26.193310185185187,1,1
4f6d635ff2fd4e30ff5369a7b943eb22,2,2018-02-14 10:26:22,1.1574074074074073e-05,-9.356180555555556,0,1
4f88e6285f805c9a823ba23291a65ca3,2,2017-11-25 19:41:15,12.107905092592592,3.710590277777778,1,1
4f8e0cd35c770318d9e8874c2956345a,2,2018-03-26 11:16:42,19.974328703703705,-17.12261574074074,0,0
4f928a6270233d6c7c4e73919fa12295,2,2018-02-05 01:06:09,0.01611111111111111,-14.175902777777777,0,1
4fcf7b9d6a54ded837b9a0ff601bf7ef,2,2018-02-16 12:21:45,2.708252314814815,-6.9474074074074075,0,1
4fe67915d44791a5deab2957c2641048,2,2017-03-04 09:55:08,1.1574074074074073e-05,-8.691527777777777,0,1
4ffd7cf05f22d7a320750a2f9e73f665,2,2017-11-01 21:43:03,55.05776620370371,-20.22318287037037,1,1
503279f30dccc77b5d832f20bd485393,2,2018-03-12 08:31:35,2.3148148148148147e-05,-8.242037037037036,0,0
5036f4227f2e546879f581d8fd3e6ec6,2,2017-07-29 15:38:49,2.3148148148148147e-05,-11.114421296296296,1,1
507dc9becd4fc65635d90682dfa9d3a3,2,2017-11-24 13:30:59,83.71038194444445,-8.072997685185186,1,1
508cae50c5c1e72079d266a513bca9ae,2,2018-01-08 21:16:36,0.014201388888888888,-13.306770833333333,0,1
508f416faa150cd3249d045d81c93399,2,2018-01-08 20:18:13,43.826701388888885,-12.4346875,0,1
50915df398391da01c01bd5cf272f61b,2,2018-04-27 14:11:50,0.0037962962962962963,10.60951388888889,0,0
50a662e7d7e7e2a94112a4f15a37464e,2,2017-06-27 11:18:05,4.045138888888889,-12.269351851851852,0,1
50ad9fb3ba7f8cf336529fe94a182996,2,2017-10-01 13:16:54,147.82043981481482,-7.901030092592593,1,1
50cd97d731f3f5e3f321673c2671a23d,3,2017-12-19 18:12:04,48.46888310185185,-18.866417824074073,0,1
50e1b12ee1e2eab6157d9c0b035136af,2,2018-02-09 09:46:19,1.987986111111111,-17.403518518518517,1,1
511152350c802fe363fd2417b1a09357,2,2018-01-24 12:27:32,0.9498611111111112,-20.099872685185186,0,1
5126071e8e67f61789f6ce9f3af56143,2,2017-12-20 17:27:11,1.1574074074074073e-05,-8.191898148148148,0,1
51378a8908cdc12c6545fdf842383c97,2,2017-03-17 18:15:27,12.237048611111112,-11.324085648148149,1,1
514f8ca0f04813ed414874f8f422e6c3,2,2018-02-27 20:58:09,186.03006944444445,-14.338854166666668,1,1
518199e5f36305bffce18e38aa2642aa,2,2017-10-06 22:30:26,0.00800925925925926,-10.240821759259259,0,1
51838d41add414a0b1b989b7d251d9ee,3,2017-06-04 14:53:58,41.43033564814815,-2.8330324074074076,0,1
51c23d1b01aebce5a1e32e3d9b312aa3,2,2018-02-06 19:06:17,7.024791666666666,-17.14037037037037,1,1
51c2f039f08424330a6bbba4c9949d98,2,2017-06-25 16:16:00,0.0,-12.3703125,1,1
51d11e5abc725531b3a2fd56456885fa,2,2018-02-14 12:48:24,1.1574074074074073e-05,-3.49375,0,1
51d121ddc025c1b70f8f62a1b727aecf,2,2017-08-30 23:28:35,85.50034722222222,-17.37210648148148,1,1
51d8d985d769925b981b4a34ddf6dfc6,2,2018-05-03 13:28:29,241.80267361111112,-17.247789351851853,1,0
51d91326ffc0688da14a001de38c264b,3,2017-08-26 18:31:19,5.432824074074074,-16.23992476851852,1,1
51dc56123336c573f2977f5da81b17b9,2,2017-09-28 09:03:53,153.9959375,-12.209131944444444,1,1
523730e4b2ef7654c243699b81763112,2,2017-05-07 20:22:16,102.96210648148148,-13.338877314814814,1,1
523b7915f240831d06b34ab9b804a200,2,2018-05-18 13:37:26,265.9481712962963,-0.13756944444444444,1,0
525236008daa62b6022f35142ef864d3,2,2018-02-03 09:27:17,120.65730324074075,-9.074733796296297,1,1
52597838f6c178b19b961b068d048c71,2,2017-08-30 14:57:25,98.02751157407407,-7.184131944444444,0,1
526126c9f6a2a58d226b574d4d6c2278,2,2017-02-23 15:32:21,1.1574074074074073e-05,-18.53638888888889,0,1
5275b2f97b9c995d3d05a58610c0bb67,2,2017-12-03 22:07:44,6.949317129629629,-1.1874652777777779,1,1
5277f2c18bae9ff7f93aa8118ace6e03,2,2017-11-23 22:14:49,2.3148148148148147e-05,-17.02292824074074,0,1
527c6fbbe85cdf78ff1645e0a71e266f,2,2018-01-23 10:54:12,18.95253472222222,-16.38917824074074,1,1
528553785a32652e5b1f5dc33899f754,2,2017-12-11 17:38:39,47.16319444444444,-9.320891203703704,0,1
52abba659c0a219f8de7076dc33e0e83,2,2018-05-22 23:20:45,225.01046296296298,-8.114803240740741,0,0
52e05f52b2ccd1945aafaae6ceff7ba1,2,2017-11-24 11:42:09,32.44134259259259,-10.431493055555556,1,1
53100f780630b0755dcdec40f673abfb,2,2018-03-09 16:41:05,298.1592708333333,-5.247175925925926,1,0
53b30ca78efb2b7efcd3f9e461587eb2,2,2017-09-08 23:39:19,21.57898148148148,-13.193136574074074,0,1
53beace9d0aa08b64d759d5f5a66550c,2,2017-12-05 10:30:20,238.59608796296297,-13.175717592592592,1,1
53c84ac43bbfafb7a6b5d9076ab423c7,2,2017-08-23 11:48:44,2.3148148148148147e-05,-15.399398148148148,0,1
53f34954c078f5034197993c0e109b95,2,2017-05-01 14:11:12,1.1574074074074073e-05,-9.688969907407408,1,1
5416f8ad5bc33953624084ebc8738307,2,2017-11-24 20:30:47,46.80519675925926,-7.929085648148148,1,1
544bd839b4e7f92a077c7bf2410f8b02,2,2017-08-21 01:36:56,116.98204861111111,-16.20309027777778,1,1
5461338ea772177374bcf3f23665178f,2,2017-10-23 19:51:15,73.98819444444445,-13.3125,1,1
54732c804725f94304b9f2d1107a3d6e,2,2018-03-17 22:07:37,218.96905092592593,-10.05425925925926,0,0
547d0504ca415eb4864fa3030f73d3f3,2,2018-01-21 16:32:51,67.36144675925927,-14.009293981481482,1,1
54a22a0d776f341e79356ad4a761aa81,2,2018-03-02 16:54:18,2.3148148148148147e-05,-9.084016203703703,0,0
54b716ecf36f372ca6a585a68025e8a1,2,2017-04-05 21:37:12,1.1574074074074073e-05,-27.42421296296296,1,1
54bf1780705493f3224d73bd48e53186,2,2018-02-12 14:04:49,294.8608796296296,7.879201388888889,1,1
54c7b4f48fb9e911bf328bf9884ca61d,2,2017-08-01 22:25:27,50.01254629629629,11.75675925925926,0,1
54e0a7cc9c09c591bd186e4569c7bf30,2,2018-05-11 03:40:43,420.2181712962963,-12.324710648148148,1,0
54ed3f082c9e7725a0e26e9e682fc825,2,2018-01-13 09:58:10,44.75662037037037,-14.397743055555555,1,1
552fc05a13d28356a38e8b13f64cbe4f,2,2017-10-30 11:25:08,48.11616898148148,-13.175775462962964,1,1
557b158701bedbb76b856eb5f3af51b1,2,2018-04-11 10:46:53,96.94950231481481,-16.401712962962964,1,0
55efe0d41e47d41465ea4fb5f8badee0,2,2018-04-28 13:22:03,74.67878472222222,-14.352210648148148,1,0
5616f75d22507069b5383854a1d8c414,2,2018-02-26 20:19:48,48.9853125,22.86023148148148,0,1
565448508b44312e8489ca1bc1f5d09e,2,2017-04-20 09:04:14,0.01175925925925926,-14.41173611111111,0,1
56b088f218c6c02cd6e86bb9814271cb,2,2017-08-30 10:56:22,1.1574074074074073e-05,-12.26875,0,1
56c8638e7c058b98aae6d74d2dd6ea23,5,2018-04-19 18:54:32,70.37610243055556,-13.190208333333333,1,0
56d6d1ae03e95325991e4c77bf3cbe53,2,2018-05-12 09:09:41,10.504351851851851,-11.080416666666666,0,0
56e3a158ef88285f2c15a83db0b13d93,2,2018-04-28 21:01:16,148.43784722222222,-12.13087962962963,1,0
56e80e4b4a777631c5399e3fd0d6ee85,2,2018-04-10 11:54:40,12.972581018518518,-30.160787037037036,0,0
56f77ee91e06fb36402afa524deee676,2,2018-02-01 14:21:40,0.0012037037037037038,-18.066712962962963,1,1
57017bffe1b59c7da66267b6d3fcd44d,2,2017-10-11 13:01:22,183.83930555555557,-7.995127314814815,0,1
5709900c6ded8af6dfb28b043943368d,2,2018-05-10 08:43:56,144.84627314814816,-10.454652777777778,0,0
570eb70ff97166b85ea96be3bfb65fef,2,2017-11-09 14:07:54,15.982430555555556,-10.158043981481482,0,1
572a2a7bca60d77e596287ea324a4680,2,2018-05-03 12:27:37,1.0069675925925925,-11.01144675925926,0,0
5735fac0e3e12fee0b0545828a977acd,2,2017-06-30 14:56:23,129.04912037037036,-12.304282407407408,1,1
574e36a816bf7a295404e686062fc0de,2,2018-04-26 18:07:40,324.0467824074074,-8.303773148148148,1,0
578035514ad8238fa724f24b4aabc1df,2,2017-07-22 17:55:15,2.3148148148148147e-05,-14.140914351851851,1,1
57b5d9f9fa4f1ff41befbfbf0fcbc3ca,2,2017-10-27 11:33:04,142.0177662037037,-15.12136574074074,1,1
57c6a5ac88fde55944675cc79c4d5db7,2,2018-04-08 12:31:34,337.0931712962963,-10.159652777777778,1,0
580561d937f063a0c4ffe1e4832df2f5,2,2018-01-02 13:45:02,336.8094791666667,-11.324189814814815,0,1
58075e17e770fc08571c3e0f452f6a11,2,2017-07-05 19:56:05,16.124953703703703,-16.29454861111111,1,1
582183483d33018384b309d31c45f353,2,2017-04-23 09:15:49,0.9145949074074075,-8.497361111111111,0,1
582413ee5c9cf48218666c6fd967a221,2,2017-12-11 12:48:04,1.1574074074074073e-05,-9.93386574074074,0,1
58498d9dec038f925f6406ebdfdc36bb,2,2017-11-16 22:55:45,190.98564814814816,-5.191273148148148,0,1
585ba6a115792c0b0483d65e5ab1f4b6,2,2017-12-08 20:15:27,2.1059953703703704,-17.3796875,1,1
58812bfc80ed972fa2e7f3614c0cd22e,2,2017-06-19 08:18:35,1.1574074074074073e-05,-6.14431712962963,0,1
589211c7448e6c3b58b0ba98ce089ee7,2,2017-12-28 23:14:50,2.6397916666666665,-16.075914351851853,1,1
58f5a0b391493cf37a8c32956f14d6d1,2,2018-02-21 20:49:41,2.3148148148148147e-05,0.012210648148148148,0,1
5908f8630bbd5a8d5984b25f85588168,2,2017-08-29 12:26:32,71.53101851851852,-13.198703703703703,0,1
5925dfa8cd87ab4d852383f7039c8bc2,2,2018-03-29 12:00:11,200.02596064814816,-7.189791666666666,1,0
59268ee5dc0cd98a36ea808010826cc8,2,2017-12-19 18:48:27,3.951724537037037,-12.37207175925926,0,1
593cb774409e5239a1946d1c88e0813d,3,2017-07-05 12:03:14,29.923582175925926,-24.491984953703703,1,1
595ee036d3a69e80934a9b3618834085,2,2018-03-22 17:47:21,34.99540509259259,-7.428923611111111,1,0
596f46e4d4b172098ad46d4d7880bcc2,2,2018-03-30 13:44:59,21.90533564814815,-13.093877314814815,0,0
598ef1f13aba15f2b88387184f6c25ec,2,2018-03-24 15:44:59,8.03380787037037,-12.19111111111111,1,0
59bba92de9b8f6be0808e4d9d64b4b43,2,2017-06-24 13:43:54,0.012453703703703703,-9.212002314814814,0,1
59d66d72939bc9497e19d89c61a96d5f,2,2017-08-10 22:09:50,161.41425925925927,1.5816087962962964,0,1
59d8d1ea35c02a6a070ee29944b0ea86,2,2018-04-14 11:04:31,31.662430555555556,-27.204930555555556,0,0
5a21363c92f912e70cb482c96bc03af3,2,2017-06-11 13:21:04,3.168576388888889,-15.468715277777777,1,1
5a2e847dd085d36e3ba8916b75e794ed,2,2017-05-07 18:52:33,0.011412037037037037,-15.585578703703703,0,1
5a494c648fde2d1ec4eb614274ea7159,2,2018-03-08 19:06:08,3.472222222222222e-05,-11.368969907407408,0,0
5a6b37816cefa8497b74b1ef78dbb202,2,2018-02-07 01:24:27,1.1574074074074073e-05,-11.241701388888888,0,1
5a819fa976c2a1e65fa35e5c890d4dcb,2,2018-05-28 20:34:13,24.202743055555555,-17.28903935185185,0,0
5a85f706b2059c3cd55287e105d8d5ea,2,2017-11-27 21:35:51,0.0,-14.01170138888889,1,1
5ad31e19d737a51f803e6986bbd119ff,2,2017-07-11 11:47:04,0.0777199074074074,-19.273506944444446,0,1
5ad96d7a95788923e8ff455366a90015,2,2017-06-17 21:09:49,78.81706018518518,-19.300127314814816,1,1
5af103d3f12fd83434cb97578a1e8d49,2,2017-03-04 16:07:38,1.1574074074074073e-05,-16.560555555555556,1,1
5af895ee7ff98368a5bf6faeddd18cec,2,2018-02-28 14:08:27,1.1574074074074073e-05,-3.164224537037037,1,1
5b07d855f3356e33b1434dfb5a035cd7,2,2017-08-27 19:48:58,30.327997685185185,-14.057164351851853,0,1
5b09c620db60411b0be6f1817c6cbe71,3,2018-01-20 17:20:34,75.51055555555556,-1.5986631944444445,1,1
5b1ae94194ff6e974356063557746e47,2,2017-05-20 17:52:37,31.86021990740741,-12.636967592592592,0,1
5b26618da34612cc4947bbf6ef4fb67c,2,2018-02-17 11:16:54,1.1574074074074073e-05,-13.337974537037036,0,1
5b2c2b2a8d9e890debe309928d321f20,2,2017-06-26 11:44:22,4.6296296296296294e-05,-4.515717592592592,1,1
5b3186d7cf904f2f9369aec26faba4d2,3,2017-11-24 16:31:04,32.485729166666665,-10.302615740740741,1,1
5b3b19201bb81179198a9ce0d26ae56f,2,2018-05-25 21:15:02,36.195474537037036,-25.062662037037036,0,0
5b40b6d003822b8ff229a910784fe4e5,2,2018-03-05 20:13:00,0.0,-13.057349537037037,0,0
5b52858bcdab75cfc4593b13ea32db62,2,2017-07-21 00:45:07,1.1574074074074073e-05,-13.309780092592593,0,1
5b59166412dd5595f77a43b217c39132,2,2018-05-09 17:04:10,161.95877314814814,-2.4242708333333334,1,0
5b65c2693d8103d23aa910cd33d68daa,2,2017-10-31 22:19:42,0.0,-17.2940625,0,1
5b71ca52f13f79c2be72b2aad8755c0a,2,2017-08-04 19:12:56,5.987476851851852,-7.298668981481481,0,1
5b881f1b0bea55f5933b61c9a99c9ecc,2,2018-02-14 18:04:45,1.1574074074074073e-05,-12.595821759259259,1,1
5b8a75e77489899ad9e6d57273aafd7f,2,2017-07-18 13:02:39,1.1574074074074073e-05,-14.282638888888888,0,1
5bad02ee81a2002eb3b5b84d32bfc15f,2,2018-02-22 20:46:34,1.9053703703703704,6.659537037037037,1,1
5bc94b60050224af3dfdd2377c7e93e6,2,2017-01-31 13:41:56,1.1574074074074073e-05,-59.358148148148146,0,1
5bdb6f56a8fb4272b802f504bb6d1287,3,2018-02-06 12:16:55,2.8935185185185186e-05,-25.876464120370372,0,1
5c117c579cb98a9c6c50e1301a349f3a,2,2017-06-02 21:52:23,0.41934027777777777,-16.17653935185185,0,1
5c4b7aa014e584d78525c38717510f01,2,2017-05-10 19:40:40,1.1574074074074073e-05,-8.277905092592592,0,1
5c5a99e5ef172fbf5fc8a68e6bb2e0ab,2,2018-02-19 01:49:59,0.0,-5.375891203703704,1,1
5c65a2076c901f375b01aad3a60c7447,2,2018-02-19 21:58:59,0.0,-10.325243055555555,0,1
5c8b41ba21631ca0432de4a10a56fcf1,2,2017-04-10 11:02:37,21.012326388888887,-13.409189814814814,0,1
5c96017028584678dd28c139566b87c0,2,2018-04-14 08:22:43,22.86988425925926,-2.139571759259259,0,0
5cb8c9998e51269d6c8c983def687414,2,2017-12-20 16:32:00,93.23731481481481,-8.366087962962963,0,1
5cbfdb85ec130898108b32c50d619c39,2,2018-03-14 13:42:40,48.82564814814815,-5.521701388888889,1,0
5cc1eb5a94ab59494d63f06a5c7eec15,2,2018-03-04 10:51:13,2.3148148148148147e-05,-5.321932870370371,1,0
5cfc9643603c095fd7ed86a50fa17887,2,2017-11-29 09:39:20,0.0,-12.130717592592593,0,1
5d2dfd15300a557c1ddfad56a8460226,2,2018-03-16 15:48:47,15.167152777777778,-12.077476851851852,0,0
5d77cf4bfc8132075fc589f355875baa,2,2018-02-03 18:21:54,0.0,-21.038703703703703,0,1
5d8f5f50fd2c7fbe8b335d945105a37f,2,2018-04-09 20:34:20,0.12164351851851851,-17.282592592592593,0,0
5d923ccb7548741c453df5a825da2515,2,2018-04-12 15:21:23,12.094328703703704,-15.269085648148149,0,0
5dbba6c01268a8ad43f79157bf4454a0,2,2018-02-17 21:51:05,91.86972222222222,-27.025844907407407,1,1
5dcc06236098340b984e6865ba850593,2,2017-03-28 17:24:46,1.1574074074074073e-05,-14.420474537037038,0,1
5dda09ed137461608be539348c1dac39,2,2018-02-10 15:13:12,0.0,-13.316770833333333,0,1
5e0aa142dc4760e62a74c1830cbf91b1,2,2018-02-15 18:49:19,391.7664351851852,-10.06320601851852,1,1
5e24610c5a55f0b6ffdaf9e846d02362,2,2017-08-16 18:06:38,10.901898148148149,-13.161388888888888,1,1
5e3e9e897d07a80fc2af58088a84812a,2,2017-11-03 21:21:10,47.21949074074074,0.022025462962962962,0,1
5e492797fbeb54fb3e96629a55cdd480,2,2017-06-06 21:40:12,1.1574074074074073e-05,-10.1475,1,1
5e85d75d3e3df197f08b89a2cbaad54b,2,2017-03-10 19:32:27,1.1574074074074073e-05,-15.26,0,1
5e8f38a9a1c023f3db718edcf926a2db,5,2018-03-06 14:40:32,49.29516493055556,1.2542042824074073,1,0
5ebd246be48ec18bf3859966284333f8,2,2018-02-02 18:19:21,3.472222222222222e-05,-23.363310185185185,0,1
5ec4c90f549177a8cbbbc7419353e66a,2,2017-08-03 17:22:24,138.6414699074074,-10.430810185185186,1,1
5ed4db82a99daa916b5a11e6c48df670,2,2017-03-15 16:38:57,1.1574074074074073e-05,-8.466793981481482,0,1
5edb5e94dde197f8fd914eec2975b891,2,2017-05-24 20:08:23,3.0061458333333335,-17.352835648148147,0,1
5ee1a7e84a17bcddc784977557a7a186,2,2017-10-04 08:17:30,0.0,-20.27599537037037,0,1
5efcc46e1fee22373a28eb2b0f26a6fc,2,2017-05-16 12:28:33,1.1574074074074073e-05,-15.296956018518518,1,1
5f2a213343d506264f78cb82dd914434,2,2017-06-08 11:30:04,113.82675925925926,-18.25150462962963,0,1
5f435bbe57e905e19378fa56b60e9d16,2,2018-01-04 14:16:56,35.817002314814815,-21.25753472222222,1,1
5f45aa4ef9b8fb99b95d33a970bb64a7,3,2018-05-01 17:20:54,136.0482986111111,-9.757251157407408,1,0
5f66ee1b2e030748fdb83ab9b01a7064,2,2017-09-20 07:54:43,69.90126157407407,-8.113668981481482,0,1
5f7f2f316d856064acee6f1db7c9f63f,2,2017-08-27 14:15:47,0.0,-2.196875,1,1
5f80e1b868be57e4d50ae6bbeae78d77,2,2018-02-27 13:25:14,154.0159375,-11.139733796296296,1,1
5fb5bf48cd408d971f873069e5178898,2,2017-10-24 18:18:17,170.9096412037037,-13.130381944444444,1,1
5fd82666f1e64606820d24e3fbb5d160,2,2017-11-10 14:19:52,0.0028703703703703703,-6.250821759259259,0,1
5ff735d120cf4ec4adefd9766f703bf5,2,2018-03-27 14:11:00,39.14994212962963,-7.105925925925926,0,0
5ffbc70da7ad1808b6899421caa84fbe,2,2017-05-01 18:11:52,2.3148148148148147e-05,-19.359421296296297,0,1
601bf929b8d0a8feecab068a2110ae1f,2,2017-12-17 15:34:23,0.04038194444444444,-20.055578703703702,1,1
606441378b517f9eeb89f9154a1c4d4f,2,2017-06-10 21:50:44,1.1574074074074073e-05,-20.115532407407407,1,1
608646d3514cc48a27d666e313cfe0cc,2,2017-07-14 17:10:12,1.1574074074074073e-05,-9.070891203703704,1,1
609adc68db390a15fd21648c496f50b7,2,2017-03-12 14:02:57,0.0,-16.49568287037037,0,1
609b7feab0f0c9726929ec4891447b02,2,2017-12-29 09:13:12,163.58663194444443,-13.035046296296297,0,1
60e6fe581610db699ac03fec61f4d53f,2,2018-02-06 16:59:28,376.0569560185185,-19.199930555555557,1,1
60f874c577dc096ecd52bd0bf6bd5942,2,2018-04-17 09:48:44,51.12921296296296,-12.071689814814814,1,0
615922c430abddd368735199c38e735d,3,2017-10-15 15:41:36,86.98494212962963,-12.171961805555556,1,1
6197167907273be5ee2c7ab59d4ec8e1,2,2018-01-27 18:47:46,0.0,-35.01731481481482,1,1
61b6a01709e3d754942803765b85eea6,2,2017-08-17 09:49:45,0.0,-14.16380787037037,0,1
6204c4e582a95b6a350adf6988623bfb,3,2018-03-03 20:44:07,83.45822337962963,-4.153113425925926,1,0
6222ef69df52b4ed71be551725551cc0,3,2017-01-05 13:48:48,0.005225694444444444,-26.846255787037038,1,1
6223bdc5aab952ee49dea3511f89e7ec,2,2018-01-03 09:16:57,42.9503587962963,-14.213287037037038,0,1
623674d39fd0350df92b1f91c469ba39,2,2018-02-08 18:36:31,8.101851851851852e-05,-18.305659722222224,0,1
6292600f71fe592f716a3e542f184d18,2,2017-08-10 18:04:32,0.0,-6.148136574074074,0,1
62a25a159f9fd2ab7c882d9407f49aa9,2,2017-12-07 20:33:24,100.24586805555556,-11.236192129629629,0,1
630331e73a79ae9a2ba821bd326ea298,2,2017-07-05 07:54:14,1.1574074074074073e-05,-14.254212962962963,1,1
6316cfb9fc33f7962f7459a3bc144a89,2,2018-04-01 20:26:00,6.096203703703703,-6.244594907407407,0,0
6321cbc5ca73fae88f1acccaa086ecdf,2,2018-03-06 21:36:20,77.15577546296296,-1.288113425925926,1,0
63387fd3e05eab4e51cf704f233db5a2,2,2018-01-23 14:48:16,1.1574074074074073e-05,-19.348564814814814,1,1
6345e3b3ba5ee47685e29ec5febc8155,2,2018-04-21 21:06:08,71.16209490740741,-7.210543981481481,1,0
63669b3731dcc014feec668c3d888aa0,2,2018-02-18 19:20:46,185.27358796296295,-15.432071759259259,1,1
636f22218f8430a8463c5ddc5f68fc62,2,2017-07-09 17:49:06,40.00853009259259,-10.240462962962964,1,1
63b4253e688c57bdaa18741b3fea5a01,2,2018-03-11 18:52:11,1.1574074074074073e-05,-2.0189351851851853,1,0
63cfc61cee11cbe306bff5857d00bfe4,6,2018-05-28 17:20:02,76.42224305555555,-18.179601851851853,1,0
63ded44f46d409896e3b7c47daa688ae,2,2018-05-31 10:09:56,142.94429398148148,-13.260648148148148,0,0
63df651d5e8adb6a0e4baeb66a0eea37,2,2017-09-01 10:33:16,0.0,-8.212627314814815,0,1
6409bccd4062c7105e9fd94c9a72082c,2,2018-05-01 21:50:35,298.52530092592593,-14.13400462962963,1,0
640e0d867e85601bd8e64029df6034b5,2,2017-12-06 08:31:25,1.1574074074074073e-05,-16.219722222222224,0,1
641584b3ec3027aaf8fa9c088f1a1a00,2,2017-11-05 09:53:54,130.12600694444444,-14.098043981481482,0,1
6419a1be8feac26ec793667b71cbaeb4,3,2017-12-26 14:57:27,102.3153587962963,-11.799837962962963,0,1
6428403ac3b03984c38fd083fa1647b0,2,2018-04-12 08:18:41,330.9625462962963,3.6865625,1,0
6457b2cb5462c1217e8e6d36b0ff39d2,2,2017-11-18 14:33:04,3.472222222222222e-05,-5.250891203703704,1,1
64a5301ff6bdaf1baa00058672402d7a,2,2017-08-04 12:23:32,0.0,-14.188252314814815,0,1
64df076fb557552498049bb07ed1cd5f,3,2018-05-10 10:13:46,7.486666666666666,-28.365318287037038,1,0
64e037f54b4ff31461175bcc8bd210f4,2,2018-01-17 14:35:32,1.1574074074074073e-05,-0.27837962962962964,0,1
64e9a736591627c469dae6f3d1592a61,2,2017-06-08 20:02:42,1.1574074074074073e-05,-5.358831018518519,0,1
64fbafb2935c7a2588d6a26a9d750487,2,2017-01-27 14:59:18,1.1574074074074073e-05,-31.161238425925927,1,1
65663adf8c7a498b79e57ff84ab2b654,2,2017-11-24 22:14:50,215.92421296296297,4.740821759259259,1,1
6576977872dd65f5b680e944afe3a724,2,2017-09-08 00:05:48,1.1574074074074073e-05,-24.212800925925926,0,1
657dec397f46d84dbe64df2b0389b3cc,2,2017-12-20 15:47:46,49.179351851851855,-5.4121875,0,1
65859c1624b7642ec285b4a71efd9506,2,2018-05-01 12:22:52,102.99938657407408,-21.404537037037038,1,0
6594a65023bcb47539aa91b0f8e98e00,2,2018-03-08 19:22:48,97.405625,6.814120370370371,1,0
65a6ec5d6e6e86bc43a2cbf235be4675,2,2018-04-29 08:32:16,15.680162037037038,-18.257662037037036,1,0
65ab3020e6a929e4e9a4b61e643da832,2,2017-07-16 18:53:48,179.76524305555554,-13.234328703703703,0,1
65d6b6a1113bd6152e3307e99c5104c9,2,2018-02-27 13:23:38,1.1574074074074073e-05,-5.121666666666667,1,1
65d7c0904b51f5b432e71a14b25121dc,2,2017-11-08 15:52:49,1.1574074074074073e-05,-7.348159722222222,0,1
65e2735427dedd6a787e5b065b3cc41e,2,2017-11-21 18:08:10,54.45207175925926,-5.15443287037037,1,1
65ee274b862c5c053367be8a70dbc029,2,2018-05-25 08:54:21,29.919953703703705,-12.370324074074075,0,0
662d88cbd178177a50141111d3a6932c,2,2018-01-30 14:57:33,1.1574074074074073e-05,-13.148078703703703,1,1
664fe7916cb8709c6b848383c6361dcc,2,2017-10-25 13:32:55,222.72833333333332,-7.051215277777778,1,1
665f8bbe2cf428657aeb0572c27fef58,2,2018-01-15 10:33:44,3.472222222222222e-05,-23.17133101851852,0,1
6668e1ae499e2e9be475b7f708580232,3,2017-06-11 18:22:10,10.456707175925926,-19.82879050925926,1,1
668ddbdd3ee99d4339eadfef21531d45,2,2017-07-29 01:28:37,3.472222222222222e-05,-14.097476851851852,1,1
66980c3775537536f77b434d74e520f5,3,2018-03-31 15:08:21,0.0,-23.716261574074075,0,0
66e56177b9bf464a930e57edc3694403,3,2018-05-25 09:06:12,126.83961805555556,-12.681730324074074,1,0
66f4eec9da64df09009a7f397c2a32b1,2,2018-01-24 12:33:58,1.1574074074074073e-05,-0.3595949074074074,1,1
66ffab11964dda54f46a826323635120,2,2018-01-20 20:00:12,0.0,-16.789849537037036,0,1
67466b5877fad6f2279c1fb634c9aa5c,3,2017-09-09 15:51:53,41.38166666666667,-11.913611111111111,0,1
674e552503d21cd547fdd0de0bfb9be2,2,2018-05-26 19:30:51,51.01417824074074,-22.172013888888888,0,0
67626c49069bdf05ff127d59a6649948,2,2017-12-09 02:25:26,0.004965277777777778,-13.112916666666667,0,1
67e747b902c2d5c2e5a266b00d965145,2,2018-03-12 17:42:36,2.3148148148148147e-05,-2.000787037037037,0,0
67fcfe4915b93624867d350b8191ff7b,2,2017-06-25 13:48:10,1.1574074074074073e-05,-20.18428240740741,0,1
6814507660c72078cbada9b3660683dd,2,2017-07-27 10:31:49,1.1574074074074073e-05,-18.012314814814815,0,1
6832bd3ca1bf89c9e60bf3c91d846ec9,2,2018-01-23 17:23:54,67.17114583333333,-16.287731481481483,1,1
68497ce04e9b12cb402671a29acdf6a2,2,2018-05-10 20:00:57,165.99226851851853,1.9775347222222222,1,0
684fdd89d877968793cfb9c8f7ef7874,2,2018-05-13 22:06:07,110.15668981481481,-13.236481481481482,1,0
68519bc41532d0f1a6613d278f86a5bd,2,2018-01-15 09:30:55,126.5982986111111,-17.377916666666668,1,1
6856178ce177496369e3a83fd143e621,2,2017-11-25 23:32:45,236.01877314814814,-5.4427662037037035,1,1
686c46ddc0828bf3c0af072c44dd96b7,2,2018-03-27 19:07:09,1.1574074074074073e-05,-6.035613425925926,0,0
6871b052a835417d6d2e11153e0d3c2c,2,2018-02-25 15:14:28,290.7523263888889,-6.167337962962963,0,1
6894b2a8a74e1c7fb9452d0cb861e634,2,2017-12-17 17:30:46,1.1574074074074073e-05,-32.09230324074074,0,1
68ab9bfe2388b0b36614c7000b8b1cf8,2,2017-11-23 19:06:05,0.016909722222222222,-8.132824074074074,0,1
692074726678229d1fe1887a9f0abb14,2,2017-11-24 10:28:02,1.1574074074074073e-05,-18.34800925925926,0,1
693b3203dcd4cef5288c5fd8d53f0efe,2,2017-09-22 22:39:25,0.004201388888888889,-17.008310185185184,0,1
6940e424e41600ef36c79b6d8b4a2ecd,2,2017-08-28 15:22:35,14.133483796296296,-8.265636574074074,0,1
695dee4c200e4cabdfdb01287f5fd29d,2,2018-03-02 16:53:56,2.3148148148148147e-05,0.9243402777777778,0,0
69768afd389429f6ec48199e5fb8e61a,2,2018-04-07 17:52:04,112.01297453703704,-8.111620370370371,1,0
698118425f0afbd4bee557e51b6bd49b,2,2018-04-01 19:45:02,91.20309027777778,-1.8133912037037037,1,0
698a9cafcc15cac8cdbaee64adc6efbe,2,2018-01-29 13:09:33,2.3148148148148147e-05,-4.075081018518518,0,1
699003f10173022740145aa4aaeaccd5,2,2017-11-25 18:30:07,1.1574074074074073e-05,1.7214351851851852,1,1
69aab61687fa416ef601af332bd0ff0d,2,2018-01-11 22:57:36,356.1343634259259,-1.2716319444444444,1,1
69e333213f390c27d001d415de206697,2,2017-10-09 10:48:10,6.944444444444444e-05,-15.10417824074074,0,1
69e4074cb5368c1539397e4ea570757a,2,2018-02-11 22:48:20,376.2199537037037,-12.404224537037036,1,1
69f2934ad8b50cc05587a94cc7d68fc9,2,2018-03-05 18:15:17,94.15089120370371,6.675335648148148,1,0
6a2ae83cded378a462e86a2e4885e750,2,2018-03-05 20:21:03,1.1574074074074073e-05,-0.08434027777777778,1,0
6a2c39f27e5c40a4d2a0cd94aeb8c925,2,2018-01-26 10:52:37,49.88481481481482,28.89361111111111,0,1
6a3a03f3c7afeb25ce61700d914a841a,2,2018-02-15 22:43:42,1.1574074074074073e-05,-7.192997685185185,0,1
6a41171c962a6356e8ea95518821dd45,2,2018-02-16 15:41:38,1.1574074074074073e-05,-6.927372685185185,0,1
6a56e8e6c20175d122a962a5e5dfcf5e,2,2017-09-04 16:39:26,1.1574074074074073e-05,-15.282152777777778,0,1
6a583f4c6790a4c8330beb7612e17f42,2,2018-05-07 15:47:59,5.017731481481482,-26.17568287037037,0,0
6a5b2a807a2aca962c4badc649cb40b2,2,2017-02-07 15:46:54,1.1574074074074073e-05,-16.178958333333334,0,1
6a64e2cf94a5779760698c1e25a2852a,2,2017-09-26 12:48:14,0.0,-14.285,0,1
6a7e7be8e652da4e4777866459f9b007,2,2018-02-11 00:58:52,1.1574074074074073e-05,-12.983981481481482,0,1
6a80a86f478a93a5f4c7ba8db6441a6b,3,2017-07-26 17:22:35,1.1574074074074073e-05,-8.658587962962963,0,1
6aa14366984bcc5f1ea760928283d451,2,2018-01-29 10:43:48,168.95422453703705,-14.009351851851852,1,1
6aa2294d9975e319365a586ba919de73,2,2018-03-04 10:40:02,83.94159722222223,-5.970462962962963,1,0
6abc999251612920bec93b3be616fa1d,2,2017-06-12 20:31:06,35.99929398148148,-8.497638888888888,0,1
6b1b676621a55a12546f8eeeaa12d4a7,2,2017-11-03 12:49:17,44.599189814814814,-12.136886574074074,1,1
6bb0bebc0758e1a834cb5bf96b6d8feb,2,2018-05-07 22:34:11,312.3941898148148,-9.049502314814815,1,0
6bb535b0906b43e0041916897667aeed,3,2017-09-17 18:12:09,50.404780092592596,-8.03708912037037,1,1
6bbed249de21777c6f7d5074e6c469e9,2,2018-04-16 18:21:46,117.24010416666667,-20.061354166666668,1,0
6bd33258105ef24dbf6d82bb7e3a06b2,2,2018-03-06 12:04:18,2.3148148148148147e-05,-16.36730324074074,1,0
6be28ae15cd1e7b3f3f36ac483512822,2,2017-11-24 00:08:11,1.1574074074074073e-05,-19.4321875,1,1
6c005d6d2d21634f3eabb0720c780d75,2,2018-05-16 22:06:09,47.28251157407407,-9.339166666666667,0,0
6c2f6983a60ac0dc8a9ee65579959538,2,2017-10-17 12:39:00,18.94369212962963,0.5300925925925926,0,1
6c45a9350eb05fba53a297c2491a32c5,2,2017-05-06 07:18:28,0.0030671296296296297,-13.53636574074074,0,1
6c70bee45f245a4ebeddb2ece21b567d,2,2017-07-03 20:50:49,60.97145833333333,-5.151736111111111,0,1
6c722fdc0ca8a586dcfa980f2f1278eb,2,2017-09-01 11:58:14,47.96116898148148,-9.351539351851851,1,1
6caedf47165dd303190404ba0d47e802,2,2018-04-17 07:38:17,69.96322916666666,-19.277268518518518,0,0
6cf5a61d865d979d060812cdb48ce484,2,2018-03-29 11:43:29,192.62693287037038,-13.297083333333333,0,0
6d3d5771a12f5e7d00729f940bb28fd2,2,2017-07-26 11:46:34,33.047349537037036,-23.25699074074074,1,1
6d74740d498504341df1e7f104daebf0,2,2018-01-15 21:59:26,188.18681712962962,-8.210659722222223,1,1
6d97028799b1d0a91160e11d45cfeb7b,2,2017-05-28 16:31:17,42.913402777777776,-14.488888888888889,0,1
6d983c87bdeb0ca15734c8bdaa79a2ea,2,2017-11-17 19:41:49,1.1574074074074073e-05,-11.241851851851852,0,1
6ddbc64bd04d40f7768ff088d94cbeb8,2,2018-04-09 22:58:05,0.0,-20.341342592592593,0,0
6e08abf5cfb67eeea9e48463da288788,2,2018-05-26 12:46:18,35.15674768518519,-34.03793981481481,0,0
6e0d94e83bae00a64c12c9497158ee1c,2,2017-09-24 14:47:42,51.19394675925926,-10.16392361111111,0,1
6e1512c1c3221bd24fa4848202727ab3,2,2017-12-10 20:58:31,166.40324074074073,-2.469050925925926,1,1
6e1550b8966f327f29bc06b18972dbec,2,2017-05-30 20:09:15,10.836782407407407,-13.46900462962963,1,1
6e26bbeaa107ec34112c64e1ee31c0f5,2,2018-01-02 19:00:43,181.87699074074075,-16.931261574074075,1,1
6e2f539e9e0e323859a81079581db712,2,2018-04-03 15:26:14,196.25115740740742,-12.268865740740742,1,0
6e620488162fe1129d32f26b751d770a,2,2018-02-22 19:18:21,146.92400462962962,-8.095428240740741,1,1
6e64dc929d62442c813375d68c4e0c2e,2,2018-02-25 20:10:26,0.0,-12.257453703703703,0,1
6e968652933d10e7a77047574d87e54a,2,2017-06-11 16:37:43,0.007453703703703704,-9.38755787037037,0,1
6ecae395621d20aca9711709fedacade,2,2018-02-26 08:38:33,1.1574074074074073e-05,-7.105277777777777,0,1
6ee2f345f4f2fbd1cafb6447a6b37642,2,2017-06-08 23:28:16,7.030474537037037,-11.240509259259259,0,1
6eefa309faab7725bf4b9dce147e4ae6,3,2018-01-04 05:39:58,77.71834490740741,-17.779369212962962,1,1
6ef4101366e4340921398ba91fff1426,2,2018-02-26 20:43:12,0.00787037037037037,10.765405092592593,1,1
6f22857001b77949eb8110295fced3ff,2,2017-11-20 12:47:46,34.77740740740741,2.8488657407407407,0,1
6f302f15a62c56b3100b67a81bfef328,2,2017-12-18 21:47:55,153.45712962962963,-4.505289351851852,1,1
6f36e0165218ac7ae521d8e44739e703,2,2018-01-26 17:20:43,24.108668981481483,-16.1890625,1,1
6f5c52ea47e32b73958b0ac0f3c34e88,2,2018-05-27 12:20:21,9.23136574074074,-13.01244212962963,1,0
6f64406ed5cfa4a2d9bd35e91bfd6587,3,2018-02-06 15:10:03,28.61220486111111,-7.615688657407407,0,1
6f65f19c2dcfcab8b76b2fafb5b840e1,2,2018-03-22 23:59:55,409.0451967592593,-11.167777777777777,1,0
6f8e7d40046694539c87b98cb5096a28,2,2018-05-24 14:20:48,7.239710648148148,-13.41880787037037,0,0
6faa792efdf7c9c6eb7cfdf68aa5e581,2,2017-10-09 19:27:57,208.95952546296297,-16.319375,1,1
6fc92189a4d83f8f8eb046b050ce8687,2,2017-07-08 14:55:53,1.1574074074074073e-05,-11.255810185185185,1,1
6ff62b85b8dd35a3402d54618bdafec6,2,2018-02-05 16:12:45,2.9463194444444443,-10.245092592592593,0,1
7018a5e068b8fd0912fed2d02952df23,2,2018-04-15 13:12:40,45.55869212962963,-6.028310185185185,0,0
704d4446bffad3f1d6b73a58426af36a,2,2018-04-16 08:16:46,226.68494212962963,-7.30375,1,0
7063b55fee699193fd5e44253a7e4a98,2,2017-05-19 16:02:39,1.1574074074074073e-05,-12.314814814814815,0,1
706cdc310c7f626d1d2bc95c396202e5,2,2017-09-12 19:43:20,1.1574074074074073e-05,-14.276215277777778,1,1
70755e5b9df5988f592f3dec6279f1be,2,2017-09-22 10:06:29,1.1574074074074073e-05,-20.23849537037037,0,1
70aa9ef908248a2ec9e03b77ce1ff357,2,2018-05-21 15:22:00,20.1065625,-4.050856481481482,1,0
70ad91901ad4330af432978ff134fc6f,2,2018-03-19 16:39:27,6.990497685185185,-9.329537037037037,0,0
70c976663a07ebfd35d81c6179258391,2,2018-02-21 15:24:49,1.1574074074074073e-05,-9.280358796296296,0,1
70f0fca2435f0fa72fe85699630791fc,2,2017-02-09 11:01:15,1.1574074074074073e-05,-25.50372685185185,1,1
70ffda7e4167ce87ac620ab2c572ac4f,2,2017-09-22 13:41:06,0.000462962962962963,-12.17445601851852,0,1
71048f40f553973d48d6fe35d01a3afb,2,2018-04-05 07:53:47,120.74813657407407,32.75763888888889,1,0
711066a7bba9951b1da0ce0f4302af23,2,2018-02-07 09:58:30,54.49144675925926,-12.448159722222222,0,1
712c4abfd9b054e7872aad2021a4aee3,2,2017-11-17 19:55:32,11.383761574074073,-10.075972222222223,0,1
718d5855edf637b8e2f213db87dab93d,2,2017-10-16 15:08:15,144.6454398148148,-6.25707175925926,1,1
719b758d12e3c1f243c66bf47b488be1,2,2018-01-13 10:56:37,1.1574074074074073e-05,-15.960752314814815,0,1
71a26c172a544ccc789674f1fab9d951,2,2018-04-13 13:45:45,0.9525231481481482,-4.462002314814815,0,0
71b14aca95bfbedbc5746d2c0a92d8e2,2,2017-11-22 20:48:57,2.3301041666666666,6.831296296296296,0,1
71b8dc9ce21a7ca5344bde166e117c9f,2,2018-03-07 20:21:18,231.0667476851852,-16.292569444444446,1,0
71bd6ff3f70090f785e26643f22c6484,2,2018-04-27 12:54:04,332.78140046296295,11.768460648148148,0,0
71d2dbb6d2f52d568ca9d69c815a4331,2,2017-06-17 09:36:39,80.31702546296296,-10.128715277777777,1,1
71d790b151c0349e5f5b2fbb4fbe1321,2,2018-04-28 11:48:26,135.8416550925926,-10.084432870370371,1,0
71df425cb9aec3337bc969df451d663a,2,2017-09-29 16:22:26,7.7849305555555555,-10.155590277777778,0,1
71e1f051740a6d2fcdc204e989035526,2,2018-01-19 14:58:55,242.02584490740742,-17.383541666666666,0,1
71f5d6c0cf885d0b2b52836a4c469bc3,2,2017-04-11 08:26:45,18.66144675925926,-15.666666666666666,0,1
71f88e06eb78302859a034cd7d1877a1,2,2018-05-14 12:34:50,23.692314814814814,-14.255601851851852,1,0
72061fff095d8325b311ea24e2f4a2b5,2,2017-12-12 22:27:23,7.347662037037037,-12.300405092592593,1,1
7263bdaf8bd8ca9e023f521f8ae50970,2,2017-03-13 08:43:10,1.1574074074074073e-05,-5.400011574074074,1,1
728e4a7d0db4845270091ded0923c71f,3,2017-01-05 12:11:23,0.0016608796296296296,-26.836811342592593,0,1
729089b44985b34915decf7117d8fc2c,2,2017-11-29 08:11:48,5.947233796296296,-12.379791666666666,0,1
72e79d08a90aa4e10f7e5aa76e65b258,2,2017-11-05 15:57:07,1.1574074074074073e-05,-8.30644675925926,0,1
72eb961337993c4c089cb9135b86de90,2,2018-05-24 15:47:39,120.07962962962964,-13.297731481481481,1,0
730e4b7ede33b484516435d39ab4dc49,2,2017-06-07 00:19:14,112.56575231481482,-13.380625,1,1
7314e2017ab1883d59ccbc7318c4b3fc,2,2018-02-21 14:02:31,8.101851851851852e-05,-1.1896875,1,1
731a127666e5bc79810ebdc48eeff385,2,2018-02-13 22:54:17,1.1574074074074073e-05,-13.238136574074074,0,1
731ea3afd190908a9cbed04f42aa51e2,2,2017-11-27 18:39:50,0.0,-8.298738425925926,0,1
732d307839b02bc2d3a4c26b515ea2b9,3,2018-03-03 21:49:27,40.51398148148148,-5.455428240740741,1,0
7330a3475a2c65878c2c9b95266bef04,2,2018-03-06 17:21:09,3.305439814814815,0.7838773148148148,0,0
73601b1eec55943e90ce8d61253d5c09,2,2017-11-01 13:39:49,35.840625,-12.11892361111111,0,1
7370a0c1920f4a92e1f09463099e9b42,2,2018-02-06 09:34:23,2.3148148148148147e-05,-16.07671296296296,0,1
73768eba15a0744371ca5521eb2e51f5,2,2018-01-03 22:26:49,0.012094907407407407,-20.136805555555554,0,1
7379b57a7a2b9aa2741a1c564138b99a,2,2017-12-06 22:55:35,77.63280092592592,-10.271296296296295,0,1
7395a64f37a30f9827ca4d8292b484e8,2,2017-09-05 09:03:33,76.79332175925926,-10.154143518518518,1,1
73a218a376e1c8e6a31799484fe514b8,2,2018-04-19 10:03:08,17.55261574074074,-14.21398148148148,0,0
73daba56d88fe2ed55fd098a179646d0,2,2017-11-25 14:04:11,1.1574074074074073e-05,24.70255787037037,0,1
73de7b7b976fc6b75283b05f67fd6b5b,2,2017-11-14 20:08:14,1.1574074074074073e-05,-13.200092592592593,1,1
73f97c6a5af65a71194cc2265ae82501,2,2018-05-28 23:06:44,110.82770833333333,-29.038229166666667,1,0
73fa628b0fc190639f48da2667eb1381,2,2017-10-24 10:10:35,115.83842592592593,-20.209444444444443,1,1
740b9a28b39035534bf3425b19016263,2,2017-11-19 14:03:22,0.18090277777777777,-20.14951388888889,1,1
743b6b21edcc4f0a9be82e591187e0a8,2,2017-11-03 20:23:47,0.2131597222222222,-3.3480324074074073,1,1
7441ce776af8da3b9df3d3f3c1e13ab1,2,2017-07-15 00:52:32,11.985868055555555,-7.389097222222222,0,1
744fb2d41ededa16d3f703b7065b234c,2,2018-02-04 22:04:37,0.0,-18.07542824074074,1,1
74cb1ad7e6d5674325c1f99b5ea30d82,5,2018-04-03 01:16:22,54.30060763888889,-9.148949652777778,1,0
754f0aa37a9a58685e42e70973bc511c,2,2017-08-15 17:08:00,0.0,-14.347013888888888,0,1
7588c20c457369de8caad958afc1cc06,3,2018-03-16 15:44:57,206.62914351851853,-14.622349537037037,1,0
75a2adfe9f86d401f24b5fe2eb9a582c,2,2018-01-04 17:50:02,0.0,-28.23298611111111,0,1
75a398e43d9757a4f7d6f622aeb22c47,2,2017-09-18 12:24:10,10.060358796296295,-7.291689814814815,1,1
75b45ab225bf88fdd7f432507030a4b8,2,2017-09-13 18:34:22,181.16059027777777,-6.322766203703703,1,1
75bbb6b481a1df1689bb769e63ec3acb,2,2018-02-05 19:25:43,1.1574074074074073e-05,-11.127256944444444,0,1
75c7cb4037146f5c8e95ade4214396c5,2,2018-01-12 09:40:31,115.15924768518518,-13.340636574074074,1,1
75e750a6279d55f7137bb9e9bb8662cf,2,2017-11-30 17:11:56,66.08533564814815,-10.163391203703704,1,1
75fe145e64986de933b893642277d8a9,2,2017-03-12 16:26:20,0.0,-19.230474537037036,0,1
75ff587e87e047a7e00f75bbcab17c00,2,2017-11-01 21:41:42,270.57193287037035,-8.105613425925926,1,1
76a0491dd70c125840fa259f00dfc351,3,2018-04-14 12:00:13,44.95179976851852,-9.810480324074074,1,0
76d1df67cfa34a2c4606537d54aea0f8,2,2017-10-28 16:20:18,2.3148148148148147e-05,-13.196064814814815,0,1
76f7d40948174f5cde0fcf8e6147b59d,2,2018-04-29 22:59:41,120.95347222222222,-12.14673611111111,1,0
76ffb5b3f1186c6c8022f6047ae9ead5,2,2018-01-14 22:48:28,0.0,-14.240902777777778,0,1
77001b080dd723bc9a22e538e5e06e41,2,2018-04-09 15:22:31,55.00241898148148,-23.02255787037037,0,0
770c6c524fc389b4cab878d19703745d,2,2017-08-10 10:14:39,1.1574074074074073e-05,8.56650462962963,1,1
771f344c1ac13d8ccdf2d14c48e2c6c3,2,2017-07-19 20:35:27,166.81931712962964,-10.15707175925926,0,1
77479db0fa60ddc453f3743abc02be23,2,2017-05-30 18:18:36,114.30060185185185,-14.42300925925926,0,1
7779fdf670bfe673e064b9aa5447674e,3,2017-08-03 06:04:15,35.3494212962963,-14.393865740740742,1,1
7784447c90f683e4775f7c1f02c04fbf,2,2017-07-24 17:31:04,2.3148148148148147e-05,-13.141527777777778,0,1
77c213e10acbd145d50fcb035d0e86d9,2,2018-04-10 08:42:53,13.982175925925926,-11.542337962962963,0,0
77e223f4a031fdeb1650e797bf4c692a,2,2018-05-08 13:53:51,357.7684953703704,-18.424409722222222,1,0
7823a8988612aff9a03896c51e2c5f7b,2,2018-05-02 20:56:24,108.19398148148149,-8.954201388888889,1,0
7828a4a1ee004bbe6665cbffbc4bf2d9,2,2018-02-12 11:08:58,298.4679050925926,-8.463877314814814,1,1
786165c8823a3fd635edab35df391d27,2,2018-02-26 20:21:07,12.323668981481482,-7.244340277777778,1,1
788a2f679187362222b67dfe89da6c1a,2,2017-11-24 23:37:52,0.00037037037037037035,-10.36761574074074,0,1
78b5cbc4b9ad61445b6609593addca37,3,2018-01-11 11:06:41,72.9811111111111,-14.639890046296296,0,1
78c5bae602d6d120f6f4ed4acbd46284,2,2018-03-20 20:12:16,71.96179398148148,-13.138854166666667,0,0
78c5f76b60a3a2588635aadc70e34df7,2,2017-10-11 21:55:04,0.0,-17.166805555555555,0,1
78d665ab97fb0bfd754a20a48476c4e7,2,2017-07-06 09:03:56,1.1574074074074073e-05,-9.174421296296297,1,1
78e63ed7c16b6a93bfdcef66ad250a00,2,2018-03-21 10:25:50,273.52012731481483,-20.11869212962963,1,0
78fb70b5aa609b4b55c6ef3d0cb51faf,2,2017-11-28 12:46:41,125.15115740740741,-5.330902777777778,0,1
78fcceb499ec9008fcecbaad21efefc6,2,2017-09-16 15:02:11,17.62699074074074,-8.25787037037037,1,1
790ac688b0fcc22b2a0dacf0202b2ce4,2,2018-01-25 19:36:42,0.053842592592592595,-19.196608796296296,0,1
793c14202ef7966472e9246fd83b0ae8,2,2017-10-01 21:06:02,0.0,-13.117569444444445,0,1
794307f7c4fd6c8325655fb3f7b89895,2,2017-10-21 14:31:35,0.0,-7.432997685185185,1,1
79444cb5bb16964eea4c5abb2d3aa023,2,2018-03-23 20:43:35,37.984039351851855,-13.3896875,1,0
7973a6ba9c81ecaeb3d628c33c7c7c48,2,2017-09-19 22:17:15,1.1574074074074073e-05,-2.219525462962963,0,1
798c34ffa9047399853eab8ca7c0b9a0,2,2017-12-04 22:28:27,0.018229166666666668,-14.531273148148149,0,1
79abd55efd139ad036a57558aea211e4,2,2018-01-03 23:47:03,105.01273148148148,-13.204027777777778,1,1
79b9e9b310f3094c2cad708eb17508c2,2,2017-09-01 10:20:53,185.7947800925926,-5.418425925925926,1,1
79c389f4fcc007dfbd1f317f29e85030,2,2018-05-03 10:12:15,105.82196759259259,-26.974375,0,0
79c3ef46b89f10777f5604a5e1ee22b5,2,2017-08-16 16:24:17,1.1574074074074073e-05,-9.49392361111111,1,1
79f227df52caf2b68d36e990ff3fc652,2,2018-03-07 22:11:47,1.1574074074074073e-05,19.80505787037037,0,0
79fa3eb416c3933311c949121225649f,2,2017-12-06 10:09:03,14.884305555555555,-15.210706018518518,0,1
7a114c4d600e1eb56f331eba875d38a6,2,2018-03-28 15:12:22,64.15466435185185,-11.077349537037037,0,0
7a1751f98e25f665fc0130c7b001e18f,2,2017-07-19 14:34:02,0.0,-29.193449074074074,0,1
7a176e5d88c7acb6000a055e008c055d,2,2016-10-08 17:43:26,1.1574074074074073e-05,-48.45943287037037,1,1
7a1de9bde89aedca8c5fbad489c5571c,2,2017-12-02 15:16:36,100.1563425925926,-9.108784722222222,1,1
7a311d62282fa63be12b02aef2fd21d1,3,2018-01-30 23:32:03,127.32354745370371,-14.62226273148148,1,1
7a350426024a624cef97f797c408db97,2,2018-05-03 16:46:51,112.07630787037037,-12.28130787037037,1,0
7a40da3af7a607c7275b9b8f71d730c7,2,2018-04-27 20:34:17,160.5202314814815,-8.08636574074074,1,0
7a443ff6dbc48349835cb18a9355ea1b,2,2017-07-25 13:52:07,0.0,-12.157592592592593,0,1
7a6b4947e01039432cac229435d058ee,2,2017-09-17 22:36:58,0.03974537037037037,-20.12787037037037,0,1
7ab8841bae70453e6b6fd543de86b90e,2,2018-05-03 17:26:34,114.7924537037037,-16.49216435185185,0,0
7acf19ddc75a0935581845e1c89edb3c,2,2017-05-22 23:09:07,1.1574074074074073e-05,-17.58471064814815,0,1
7afc250f9d980ea3ee0ce3b0245f1b04,2,2017-11-25 15:38:11,174.9016550925926,-18.21759259259259,1,1
7b08fc11e1aacd85ef2845c12a9ddb81,2,2018-02-27 21:30:28,1.1574074074074073e-05,8.910983796296296,0,1
7b0eaf68a16e4808e5388c67345033c9,2,2018-05-19 11:30:35,0.00949074074074074,0.963587962962963,0,0
7b32049d8495d56c8b27eae575921a60,2,2017-09-09 03:24:19,1.1574074074074073e-05,-13.268622685185186,0,1
7b53ce3d0ba1f84b0ebcef52fffb110d,2,2017-12-11 09:45:32,48.652511574074076,-14.41488425925926,0,1
7b662d846265cb0ed144db95fe0c74dc,2,2018-01-29 17:54:40,278.23318287037034,-12.359074074074075,0,1
7b6d07dac0a2c373d749142e920ae356,2,2018-04-09 12:36:56,131.89167824074073,-6.181412037037037,0,0
7bada66424f46ce9a766b94974849e09,2,2017-10-30 16:23:24,21.033460648148147,-12.269398148148149,0,1
7bf1c59401206e31a78523077f3a1144,2,2017-10-19 15:13:31,76.98082175925926,-12.105543981481482,0,1
7bf5c9596fc39d41078cb46a86b23831,2,2018-01-03 11:50:51,28.026608796296298,-27.246585648148148,1,1
7bff4fff725edd40fde6f0ac1eb0e2dc,2,2017-11-24 10:40:01,0.001400462962962963,-9.17445601851852,0,1
7c1cfb3c097e0f1caa90bb17675a63e5,2,2017-10-28 19:51:27,0.0,-18.129375,0,1
7c353714ed8789f928faaa4191e85197,2,2018-03-04 22:47:43,0.0,-7.963993055555556,0,0
7c396fd4830fd04220f754e42b4e5bff,2,2017-10-02 10:56:33,27.979108796296295,-7.107488425925926,1,1
7c4b40bb2b820e20b226a5a615e357aa,2,2017-11-29 21:45:44,34.46365740740741,-1.3403125,0,1
7c67f115342d01560cd438fad6346a3c,2,2017-05-29 09:39:57,55.01418981481481,-11.29454861111111,0,1
7c763d069eb3926fc65593030d5c99a3,2,2017-11-10 12:37:39,102.63622685185184,-24.033113425925926,1,1
7c8f8d3ff715607148146c64ecb64b11,2,2017-03-09 10:24:00,0.0,-14.515358796296296,0,1
7c927c2454a57a0e02fcaceb99750523,2,2017-04-01 15:42:51,0.0,-12.482418981481482,0,1
7cb20dd79b4b5bfda52b712000a30de5,2,2017-12-01 16:35:00,1.1574074074074073e-05,-5.083912037037037,0,1
7cb9a6b438fe0a5f228bfd32ff9e1a11,2,2018-03-11 19:24:31,52.912847222222226,5.895011574074074,1,0
7cbf84875196ee1d04dc880ebbfaa7ef,2,2018-05-09 09:51:16,328.65024305555556,9.86244212962963,1,0
7cc23ec3506e4e1e67d0702da04a734c,2,2017-07-05 17:47:33,100.06097222222222,-5.559803240740741,1,1
7ce7c20ac269f4642f1c7058ab375102,2,2018-04-15 11:42:21,0.005393518518518519,-13.439652777777777,0,0
7cf08f01ab6a6a1365e1613989a65158,2,2018-05-08 23:46:50,453.0041898148148,-14.085416666666667,1,0
7d0b1773dc928e29e86a230ca9557d08,2,2018-04-23 15:57:52,144.95469907407409,-7.0855902777777775,1,0
7d19f93ed7e2ea8211975b68525b0598,2,2017-11-26 01:02:57,0.0,-13.303587962962963,1,1
7d23ca9b9d5f41298ec3ccbb2ff637d8,2,2018-02-09 21:41:44,0.0,16.857337962962962,0,1
7d2e246c38946e89eda0c9c1288fc0e3,2,2017-11-26 19:47:54,0.0019560185185185184,-13.038611111111111,0,1
7d35f5764e668c9deade51c2fd31758a,2,2018-02-05 14:39:00,3.472222222222222e-05,-18.118530092592593,1,1
7d3d94b4740895a17760e976797f9f0e,3,2018-04-22 17:47:10,171.37943287037038,-13.207199074074074,1,0
7d904a4755e206a3e308a1f03d4a3a7c,2,2018-02-12 19:22:50,0.0,20.601747685185185,0,1
7da3054afe371affc14d26cc2cc04358,2,2018-04-28 14:32:54,145.56145833333332,-10.005601851851852,1,0
7db92cbb797de39eebe3bc986be820f8,2,2018-05-08 14:55:15,3.8784259259259257,-9.045335648148148,0,0
7e050832e2248c400621f6b22315d4bb,2,2017-12-10 17:51:35,0.006273148148148148,-11.386284722222221,1,1
7e1681f9bb31800364869a2cdbe289db,3,2018-02-13 14:37:04,41.85622685185185,1.676087962962963,1,1
7e30d2336a1f1182766cf6fb863d5554,2,2018-05-15 18:25:54,0.1197337962962963,-5.112141203703704,0,0
7e43696e1ae594af82dd11f481dc232e,2,2018-03-08 22:38:54,1.1574074074074073e-05,-15.317719907407408,0,0
7e75aeef30d7e9d4ac860fcc8eaa8812,2,2017-08-01 22:58:08,1.9868402777777778,-13.35039351851852,1,1
7e82fd8a6c26147a8797d761fa68c497,2,2017-11-24 17:11:43,0.0,-2.1440972222222223,1,1
7e91ec540af718ab375b1d13271e9543,2,2017-05-12 08:59:53,1.1574074074074073e-05,-10.3584375,1,1
7ea3dc64a652d699ace3048e904c561b,2,2017-12-06 12:33:21,0.0,-11.32423611111111,0,1
7ebb3bb52aff91c642c9e4d81d4cbc95,2,2018-05-12 08:50:43,80.05054398148148,-26.170219907407407,0,0
7ec0077665fe9020e7dfdb05b2be0162,2,2017-11-11 10:40:02,13.987152777777778,-5.178368055555556,0,1
7ed57df0e6ae22a4f9e0250d52608ad5,2,2017-08-09 12:10:38,19.72693287037037,-16.199791666666666,0,1
7ee9e6c80bf1b7ec4a52639eab6c128c,2,2017-04-29 21:56:10,62.0865625,-11.53462962962963,1,1
7f4adf7903f4d02c527585c4d0f65c2e,2,2018-03-18 08:54:39,1.1574074074074073e-05,-23.377175925925926,0,0
7f50c43baa66aae590aa1a067427cce5,3,2018-04-25 10:23:19,117.9805613425926,-14.094681712962963,1,0
8004f80e361a5ee23aadb7418a685fc2,2,2017-12-10 18:07:24,0.0,-14.258356481481481,1,1
801b53359d2880a9bff63574103fb74c,2,2018-05-07 18:58:49,11.169074074074073,-7.979953703703703,1,0
803c530613f5c4ee03502be0d6894de0,2,2018-03-29 15:41:07,8.977789351851852,-5.236712962962963,1,0
805f4b6e9ce80113e9e5cfbefa9577e3,2,2018-05-05 21:09:40,36.27255787037037,-13.167592592592593,0,0
809ea1c56f165109936fe5c51003fbfb,2,2017-09-24 14:59:52,0.0,-18.283472222222223,0,1
80e00a7b9ead7590bf05116f0237c896,2,2018-02-02 22:07:28,172.13292824074074,-15.455497685185184,1,1
815a99cb9852a1011da9bb7f2070b93e,2,2018-05-25 19:17:51,103.2086574074074,-44.365393518518516,1,0
8170c6e6d010d22195bcd959f5de1ea5,2,2018-04-09 10:18:39,4.660046296296296,-6.320405092592592,0,0
81865792a5df52436b4e759b4ba21412,2,2017-07-18 11:11:07,0.022118055555555554,-8.491678240740741,0,1
818a54422350b38d3fb1cb3a1553889f,2,2017-06-15 01:15:36,0.027395833333333335,-6.517361111111111,0,1
8194a6cea93c5c653e7956f0b962b5f7,2,2018-02-24 18:22:14,33.08547453703704,-10.121724537037037,1,1
81b133c3f4e30a14a6585a2f20ff150f,2,2017-06-23 08:45:22,1.1574074074074073e-05,-6.448715277777778,0,1
81db097ffce4bd958cfffeca7c41e301,2,2018-01-26 10:59:39,2.3148148148148147e-05,-11.25537037037037,0,1
81ede855f58f99b76014d66d161e7a23,2,2017-12-22 15:26:51,3.6616203703703705,-18.48119212962963,0,1
821e4e781313d2eb18711efe7a50d66a,2,2017-09-27 16:56:27,16.108506944444443,-17.088912037037037,1,1
822d25972056ef51050804f1e0446f40,2,2017-05-13 22:22:03,0.0,-2.591712962962963,0,1
8241424764e0bfa6bfcb3c6cda391ac8,2,2017-05-22 22:21:32,1.1574074074074073e-05,-28.58050925925926,0,1
827b19392982299876c0aca1f92208c2,2,2018-01-24 12:34:44,19.55318287037037,15.948020833333333,0,1
827f51bdaa8e37bf31ff413e0a7699a4,2,2017-03-04 15:23:16,1.1574074074074073e-05,-20.39292824074074,1,1
82809cee3c35eb89b4dd4d2d1a22eedf,2,2018-01-20 22:09:34,347.39006944444446,-13.989814814814816,1,1
82c173abf4679049bd8628bfe89a9f2c,2,2017-09-05 14:55:34,25.194305555555555,-13.199027777777777,0,1
82fb46292a999e7db9e2391c407f76e4,2,2017-06-02 00:10:20,21.45577546296296,-18.553993055555555,0,1
8322ac348d132588470c5e8cc56b2bb8,2,2018-03-21 21:05:39,24.235150462962963,-11.239965277777777,1,0
8329519e31cb1b89bd44c3c6ae417ad6,2,2017-04-10 21:29:16,182.95314814814816,-12.288576388888888,1,1
83424549593093baf504ac260d4615e7,2,2017-05-19 18:36:42,6.303726851851852,-12.497106481481481,0,1
83935d750c83951d7d0211a3c60e78fd,2,2017-07-15 23:48:02,40.056296296296296,-14.258368055555556,1,1
83e7958a94bd7f74a9414d8782f87628,4,2017-01-05 13:59:30,0.027353395061728396,-26.9804012345679,1,1
84514f009b40220330a5e42b102437bd,2,2017-10-16 22:24:02,96.89236111111111,5.014988425925926,0,1
846e4612bebdefeb3a65aa63fee59e3a,2,2017-08-03 13:19:58,2.3148148148148147e-05,-13.28212962962963,1,1
84720447172b234e7504da52ee639435,2,2018-01-17 21:27:34,254.34899305555555,-17.345625,1,1
8492c2c6148ac3449374058371dc78c6,2,2018-05-29 14:25:23,45.197037037037035,-40.92224537037037,0,0
84ad62f33ddb6b13553a850fd3dc2b08,2,2017-11-18 21:28:57,1.1574074074074073e-05,-13.3525,1,1
84af029e54a6f659f7ace6f7cf0daa68,2,2017-07-25 09:07:16,0.0,-12.32019675925926,1,1
84fa4ef93ec67a77a0329933dbf190cf,2,2018-05-22 20:08:06,43.213298611111114,-4.431331018518518,1,0
8505734f21396405b5477c75a45734fe,2,2017-12-07 17:49:20,31.783761574074074,-12.091157407407408,0,1
85189d642c11e7090cb2f72fed68ea42,2,2018-02-28 12:41:29,5.880335648148148,8.71474537037037,0,1
851eefea71a07755f017e75fae31f2fd,2,2017-11-07 14:39:42,78.0297337962963,-11.15431712962963,1,1
8555a17ba20435f173a230c3ced133fd,2,2017-12-01 11:52:34,0.0,-8.330300925925926,1,1
857104e1bfb81cb14e88ff07d1b22c70,2,2017-12-02 10:36:19,261.87868055555555,-12.28287037037037,1,1
85730e226e2f3a1608433546133793e1,2,2017-11-05 22:52:56,1.1574074074074073e-05,-16.272476851851852,0,1
8597b390850fe72e108d53f42ca64846,2,2017-06-22 22:41:57,32.611412037037034,-9.394305555555556,1,1
85b33fdcff5e20584ac9ec8e3c559ea3,2,2017-09-10 18:30:54,63.33640046296296,-3.287650462962963,0,1
85d5b68b9a95c88eec23d3a96287d9c8,2,2018-01-19 18:52:30,1.1574074074074073e-05,-13.174756944444445,1,1
85ed7212fe192ab02ab44c95ba87868e,2,2017-11-30 23:14:31,74.97887731481481,-20.264502314814816,1,1
85f1c5f9eee209d9dfb0a3e155209511,2,2018-02-28 13:40:35,1.1574074074074073e-05,-13.352210648148148,0,1
861e2a5848de1a3e8fa544236a8369f9,2,2017-12-15 17:17:22,117.94104166666666,-14.982581018518518,0,1
862bcdd9344546914b93a16397a78791,2,2017-12-12 11:58:48,136.6703125,-9.188113425925925,0,1
8689b3e15d4b16cfd05ecf597a523453,3,2018-01-12 16:26:06,144.06415509259259,-5.793622685185185,0,1
869be6f00b4c49e72f9a1e2033baa9f0,2,2017-05-24 11:02:36,64.89607638888889,-32.45130787037037,1,1
86a78c9e5114f4ed30887d4fd8153d9e,2,2017-05-24 00:13:29,0.0,-13.458136574074073,1,1
86b0aa3acd7e8f7427c8915780f5cd27,2,2018-02-05 10:36:40,0.018252314814814815,-6.098125,0,1
86b59358310b208f822e416e59c96672,2,2017-12-12 09:53:59,124.6255324074074,-0.13796296296296295,0,1
86df00dc5fd68f4dd5d5945ca19f3ed6,3,2017-10-13 16:10:18,63.61131944444445,-14.269745370370371,0,1
87315ceb47e77d03a1c90474e228db6c,2,2017-04-23 00:32:25,2.3148148148148147e-05,-10.300729166666667,0,1
873e4275daabf5ab6eff5331277244a4,2,2018-03-06 19:21:52,5.787037037037037e-05,-40.16512731481482,0,0
8746f1ba2e19bcf8bc03a946a0923d78,2,2017-12-02 20:35:13,42.89797453703704,-16.22417824074074,1,1
87603dde65ee7120467ddda1a883bb24,2,2017-09-24 04:07:16,6.4122106481481485,-12.43736111111111,1,1
876a8881e182fb3a64af97b737cfe889,2,2017-04-20 02:48:08,0.003148148148148148,-21.43849537037037,0,1
876c5f7ffcad19a82c0da218ecf56ba3,2,2018-05-18 16:35:54,88.18576388888889,-6.266145833333333,1,0
87914dda99d76004bfd05778028fa7e8,2,2018-01-16 15:34:00,45.00561342592592,-15.167488425925926,1,1
879ee1f90476a2fad74aec4f9c9961b3,2,2018-03-12 15:37:02,7.073229166666667,7.028888888888889,0,0
87a7c3090f96d9da963125a0d7f8193a,2,2017-06-12 16:40:45,123.11101851851852,-9.556921296296297,1,1
87ae4c644c15d9c6b6f826dfec33b340,2,2017-11-14 00:52:49,90.92188657407408,-13.185821759259259,1,1
87b3f231705783eb2217e25851c0a45d,2,2018-05-04 11:14:37,572.6868402777778,-13.12195601851852,1,0
87c907fa30dd1bd3709c84b912b50c7f,2,2018-01-21 17:53:41,16.27466435185185,-12.13263888888889,1,1
87c9e7ba960e4c2e6bd786b162adc639,2,2018-05-13 16:41:07,3.218541666666667,-6.459502314814815,0,0
87cbc22f48d2542614a44cd025238a35,2,2017-11-19 11:35:49,0.0,-5.328229166666667,0,1
88055311adcee315a7c05930e3849363,2,2018-05-17 16:37:19,255.18184027777778,-0.005509259259259259,1,0
8816ea7c1592bcab312eae9352996067,2,2017-05-26 14:26:53,0.002037037037037037,-11.327974537037036,0,1
88388502f20df20b31ccd1a4aca9e898,2,2017-11-30 13:33:17,8.962962962962964,-12.213344907407407,0,1
88a8f123107a063acbdd1c90f3d8adea,2,2017-11-22 17:19:47,132.16840277777777,-23.01480324074074,1,1
88ecb91d6d5e47ebdc2129cd046b0935,2,2017-05-19 15:41:14,2.3148148148148147e-05,-13.407199074074073,1,1
88f21f18f1c3152b023a22a0f42bdab3,2,2018-02-13 18:18:09,44.27755787037037,-9.174085648148148,1,1
88fcb680dc8cd2e540010c0750b78242,2,2018-01-19 08:02:06,269.88118055555555,-13.345405092592593,0,1
8901b2526349d372dd0bdf8d77af656d,2,2018-01-04 22:57:14,1.1574074074074073e-05,-9.113460648148148,1,1
894382535eef1ce243ec19088626be0e,3,2018-03-05 09:38:00,82.88525462962963,-16.869785879629628,0,0
8959d4251989df68934d67c1d32c5718,2,2018-05-28 09:26:31,9.907199074074073,-31.96761574074074,0,0
89be58cbdd6ef318e3ed93fdb22be178,2,2018-03-26 03:50:48,56.17693287037037,-2.217465277777778,0,0
89e3027de49c3012858cfeb7f5a34f59,2,2018-04-25 09:00:27,6.926377314814815,-5.982326388888889,0,0
8a02975938d279e8478b5f793b0290b7,2,2018-03-16 15:45:56,1.1574074074074073e-05,-7.071736111111111,1,0
8a3e2983c35b5d2fb78686794986f7da,2,2017-09-18 11:27:23,0.3776273148148148,-0.13196759259259258,0,1
8ac0c45f8e89a3d25738b3700ee9e132,2,2017-07-25 19:42:51,44.006018518518516,-13.08480324074074,1,1
8ae601304ff0d1de9280c32bd2e26e3b,2,2017-11-24 20:33:02,1.1574074074074073e-05,-15.29337962962963,1,1
8b160faff469868625c7c82cbd310636,2,2017-07-13 00:19:44,1.1574074074074073e-05,-16.21005787037037,1,1
8b433c0e7b7d2a1f1148b4277cc673f8,2,2018-04-14 13:14:33,0.003564814814814815,-15.9590625,0,0
8b4447c69feb2b408e29edc0fe9d0253,2,2018-02-15 11:26:40,80.12695601851851,-8.14175925925926,0,1
8b4dbc06f4caccae42ee7da8edd22f77,2,2018-02-08 20:53:55,1.1574074074074073e-05,-6.424189814814815,0,1
8b648bdd88380c34e18d3ca8ba9055a2,2,2018-03-03 21:03:18,1.1574074074074073e-05,-3.107685185185185,0,0
8ba03ea7a871bdaebd65e7a4ced27c2d,2,2017-10-08 11:06:54,4.024768518518519,-10.075162037037037,1,1
8bab3162259edfaadd1ea2e1fe7f58dc,2,2017-10-29 11:59:52,2.3148148148148147e-05,-22.37568287037037,0,1
8bb910cd8c3b29e4acf2e94e3aaffbbf,2,2017-12-08 16:55:10,7.8681828703703705,-20.098217592592594,1,1
8bc3068714502a076cdc66f2a207bb20,2,2018-01-03 11:34:22,160.56662037037037,-8.476192129629629,1,1
8bc85b1061383d0dcd4e995a726da763,2,2017-11-19 21:16:12,159.17055555555555,-16.13828703703704,1,1
8c21dd8c37144807c601f99f2a209dfb,3,2018-05-20 20:41:30,187.74353587962963,-13.30613425925926,1,0
8c532c86e424b28e85997dd891e26d5d,2,2017-11-03 18:43:16,163.0375925925926,-1.118449074074074,0,1
8c8bc67c372d5c409fbf1a340205ddca,2,2018-01-13 13:21:14,200.1096875,-21.157256944444445,0,1
8ca8b8dc60280d1f97c1c6817655ab63,2,2017-12-06 09:50:09,1.1574074074074073e-05,-10.15494212962963,0,1
8d26c82c2086dcacc175e2ffe6ee2f28,2,2018-05-22 10:26:33,156.60722222222222,-4.263402777777777,1,0
8d6512fa0e1c5cdbd789b956de79fe2f,2,2017-06-02 15:37:31,53.851030092592595,-23.33564814814815,0,1
8da4f8884cb807a1a95dce688436b0ba,2,2018-04-24 21:07:06,20.19900462962963,-17.34809027777778,0,0
8dafb82f687e3b0dc9e97b4198b92128,3,2018-04-13 17:48:03,128.4996759259259,-16.568327546296295,1,0
8dbbf39064a6aa2a21f97ff0422e5acd,2,2018-04-22 16:02:31,12.744097222222223,-13.393773148148147,1,0
8dc4412f2ddf5ffee6cf50e6278b37fd,2,2018-02-02 06:58:41,100.58358796296297,-13.213611111111112,0,1
8dcf2096a68ce8212a3f534ab31ee23e,2,2017-12-21 07:51:04,247.20099537037038,-25.22420138888889,1,1
8dfbc9064378d19ac99a21ac353072d7,2,2017-10-20 16:32:59,43.8790625,-9.359178240740741,0,1
8e0275b5c7fb6f05e312a1079a674410,2,2017-12-07 16:02:23,170.05717592592592,-6.352025462962963,0,1
8e2055281d566229b5926cb77be54f81,2,2017-07-10 19:58:16,52.041296296296295,-17.162546296296295,0,1
8e2c92b2442298bd653b0e9aadf4c313,2,2017-09-13 00:57:15,2.213344907407407,-17.36074074074074,0,1
8e78f2e8305481c8b0f285670de4829b,2,2017-11-24 23:18:14,24.359699074074076,-14.364305555555555,0,1
8e84222ad36cb6ab528b745ae6e18d11,2,2017-11-24 16:26:15,0.05251157407407407,-4.3311574074074075,0,1
8ea95e0fc3da49749b66835754e2062e,2,2018-01-27 21:20:17,101.91763888888889,-18.222939814814815,1,1
8ec31beb5c890497f1872b5986d3cc26,2,2018-05-26 07:48:45,21.636423611111113,-26.214050925925925,0,0
8ec9e01dc8cbd31897a2f2116c5fbae4,2,2018-02-27 21:54:24,24.242141203703703,-11.126041666666667,0,1
8ef9add628931053f28350c0ad4bc7f7,2,2017-08-30 11:41:01,1.1574074074074073e-05,-12.142048611111111,0,1
8efdcd51f527f5aec0875573fd2210b3,2,2018-01-31 16:08:33,21.843321759259258,-8.143599537037037,0,1
8f1794300ad248a55eae07168219ca15,2,2018-01-09 19:33:25,236.18280092592593,-6.468900462962963,1,1
8f24365a46f82ddd0cef7893319a40d5,2,2017-10-03 08:34:54,0.002951388888888889,-21.237800925925924,0,1
8f3dca4306d5a89e4ae2c65c110603a2,2,2017-11-28 10:18:46,269.8311111111111,-12.028587962962963,1,1
8f42e9cb526d4a8ea42877dac8c86453,2,2017-11-17 19:44:32,35.528622685185184,-0.025763888888888888,0,1
8f4968221af78d6f248322ad465279fc,2,2018-04-04 14:21:03,331.0354861111111,-9.090949074074073,1,0
8f710f0d7e8dab5c8c1135e63b44de7a,2,2017-10-09 21:04:25,193.04513888888889,-6.303703703703704,1,1
8f891a5f40cb72bf5fabda4997b4a625,2,2017-09-30 18:07:09,43.204849537037035,-20.16872685185185,1,1
8f9c0dc510c12654a35d2add7a6c5d34,2,2017-11-09 21:46:25,162.8715162037037,5.794155092592592,1,1
8f9f1a0464f6ab0e25650be9849b086d,2,2017-06-27 15:12:12,126.71885416666667,-16.15766203703704,0,1
8fe4f9a0d6a47babbd498127a9109bd1,2,2018-02-07 10:06:39,56.67386574074074,-9.22119212962963,0,1
8ffa5e9fcc3da23113128e94d1c75706,2,2018-03-03 19:40:01,1.8744328703703703,-9.928796296296296,1,0
9066d003674f53303ec2ac527e940a5d,2,2017-07-04 15:54:10,146.05019675925925,-20.310671296296295,1,1
9077449283dc1319d5e51fb3159b28e2,3,2017-08-03 14:19:55,33.89566550925926,-20.69313078703704,1,1
9099c659f8cd764e87a1482d258fcec9,2,2018-02-27 18:16:26,2.3148148148148147e-05,-5.186689814814815,0,1
90c205b0bed658a20ba141d2960d6811,2,2017-10-23 22:15:15,182.4853125,-13.144050925925926,0,1
90e1f0d98aa33c74e43fb62004a829dd,2,2018-04-05 22:08:31,0.0,8.612233796296296,0,0
90e28a883386c71de943515d91f72a39,2,2017-11-24 22:49:37,17.96931712962963,-11.306666666666667,1,1
90f323e9f0948ddd96c6f6a8ecc75830,3,2017-06-05 00:11:24,40.52500578703704,-16.326157407407408,1,1
910240400459e4edf250cddd2588bfd2,2,2018-05-07 14:06:43,115.08042824074074,-8.154328703703703,0,0
910ef561b28c67973b74ce21e0d252ea,2,2018-01-15 05:46:01,161.4753472222222,-19.289710648148148,0,1
911be3f21248d465d1e6d9993bca60a8,2,2017-10-23 22:52:53,34.96584490740741,-8.118090277777778,0,1
913e4a0664572d0652473b98b808e7b5,2,2018-02-08 15:39:25,89.90266203703703,-23.08017361111111,1,1
9146de9c43fa373c4ce8af26c8db8336,2,2017-08-23 10:59:45,1.1574074074074073e-05,-20.07412037037037,0,1
9177736727dc747f69fceccc193c125a,2,2018-05-30 18:12:51,213.43733796296297,-30.271550925925926,1,0
917de9fb824d070a7f1f4db097cbea8d,2,2017-05-19 23:44:08,1.167372685185185,-19.263912037037038,1,1
9194f9aedc33b4f984bcdcc7da7461f4,2,2018-05-18 22:38:05,346.12072916666665,-9.254594907407407,0,0
919bf2617845a0f73acc0361cba58267,2,2018-01-25 08:26:22,130.4690740740741,-5.112523148148148,1,1
91b4cc37bd28118ddabe8e7692c78f2e,2,2017-03-03 08:32:31,0.0,-14.462175925925926,1,1
91c0ed5fde94a56b99e4ce6d43d0d6be,2,2018-02-27 14:26:04,5.766527777777778,-6.466967592592592,1,1
91def939002d33dcbf6a038b5c879f7b,2,2017-12-06 14:20:01,180.25703703703704,3.4855324074074074,1,1
91e59b92e87f627abdab279ea3ab0c87,2,2018-03-31 13:07:07,0.6818171296296296,-6.147627314814815,0,0
91ffaf5eb7f4bd6a48b07f3546fb7a99,2,2017-09-04 15:17:12,1.1574074074074073e-05,-12.066631944444444,0,1
92046e40af14f7f88398c748bb559cfe,2,2018-05-06 21:45:16,79.50825231481481,-19.063530092592593,1,0
925751a747a151a7fa97f2f686d028c3,2,2018-03-31 06:58:27,59.660636574074076,-8.310717592592592,0,0
927c1b4bd2d326409fd16eeedaa9ea30,2,2018-04-04 18:08:41,195.8033912037037,-10.121400462962963,0,0
928616c185852cc998407c716a6f69bc,2,2017-09-14 12:18:38,155.97113425925926,-8.186111111111112,1,1
929b8bad532f969fc414b7831ff3360d,2,2017-08-05 14:35:35,61.977974537037035,-7.301597222222222,0,1
92b0705c6923fe44dd71b2b737687a7c,2,2017-01-31 16:13:48,0.0,-26.252627314814816,0,1
92fc4892f11581ee802e8e2fa4296433,2,2017-06-16 21:49:19,0.001400462962962963,-18.394363425925928,0,1
93360190b9375a40b65720ee99387a4a,3,2018-03-30 20:27:16,156.61967592592592,-15.591822916666667,1,0
93427465b223bc8292b51bb86077b695,2,2018-02-08 13:20:46,57.12467592592593,-2.0719097222222222,1,1
93541741ba99116c5cf5773312eff953,2,2018-05-14 16:37:43,25.8978125,-12.13011574074074,0,0
935b9c5a3162185f88dac06d8d08d623,3,2018-05-04 11:09:54,18.396024305555557,-19.350202546296295,0,0
935e66642fcb2baa8c1782a29570d905,2,2018-05-06 00:15:18,38.07971064814815,-11.09824074074074,1,0
93603747aa73507db172820142fb3b81,2,2018-03-09 11:32:48,94.00351851851852,-9.412199074074074,1,0
93805ba8be262fe253c4284751762866,2,2018-05-17 16:46:58,0.002928240740740741,-9.324641203703704,1,0
93dabd0fb48bfbc6e14aca0432ed0717,2,2017-07-28 00:39:07,11.258101851851851,-25.288576388888888,0,1
9403bc2d1bc24edda854c1c389c14da1,2,2017-11-25 01:49:52,0.0,-6.088460648148148,1,1
941254873ba3ece63e297277436e4c36,2,2017-12-04 13:39:45,11.137280092592592,-22.275300925925926,0,1
941c336ba35bc4cbd3c5bda62cfaa767,2,2018-02-27 09:06:14,20.819826388888888,-12.213668981481481,0,1
94374f520fa9fe75d477ecf113cae041,2,2018-04-03 14:13:38,306.8684953703704,-12.981689814814814,1,0
9448bf54ca4a047cb99b0dee1a9bfa25,2,2018-02-04 17:38:12,12.277141203703703,-14.288553240740741,1,1
94522b20d09262256d0ef263adf3ff78,2,2017-12-05 07:13:54,10.930416666666666,-19.315243055555555,1,1
9475b70c3d9add279a65672fca348944,2,2017-11-16 12:18:37,42.01362268518518,-4.123472222222222,0,1
947c249c7f31f3eae2bd05454e1b2040,2,2017-05-12 12:50:18,1.1050694444444444,-21.497881944444444,1,1
947e93a9bb28256adebe49f78cff07ad,2,2017-05-31 17:06:39,82.94188657407408,-18.546516203703703,1,1
94a19681bf6faa3c6ce3e2df1c2d97cb,3,2017-09-24 20:25:49,38.50827546296296,-14.627511574074074,1,1
94ab38525c16d9d5ce977b3fe3405ab8,2,2018-01-23 01:12:12,0.0,7.682662037037037,1,1
94aea9aae532453c72b6afbfe0eaec10,2,2018-01-18 00:00:33,1.1574074074074073e-05,-21.98380787037037,0,1
94b27f5cb0276a9d149375e24de840d2,2,2017-08-25 12:23:08,0.0,-15.252881944444445,0,1
94e5ea5a8c1bf546db2739673060c43f,2,2018-05-09 13:49:19,580.6933217592592,-13.03574074074074,1,0
951008c1c9df3fe4fead603a9afdcb3b,2,2018-02-09 18:22:59,70.9657175925926,-8.014814814814814,1,1
95160caf14611a705759de6bf13555b6,2,2017-07-16 22:46:54,49.196354166666666,2.797511574074074,1,1
954456f376f79dfa36460750500f7dc6,2,2018-04-20 11:04:07,353.8355555555556,-14.243761574074075,0,0
956eadf2280a25c360ccfc7b42b21313,2,2018-05-02 20:35:55,0.19405092592592593,-26.285428240740742,0,0
95a3ac562ffc17755618fb67ce57ef9a,2,2017-05-29 19:02:29,2.3148148148148147e-05,-17.401851851851852,0,1
95c673245afd9e175e46590ea80fd159,2,2018-05-05 18:28:19,195.85730324074075,-8.313414351851852,1,0
95cfb39a7e263160308a934e42cfc4e0,2,2017-11-19 16:12:34,65.9859837962963,-12.144016203703703,1,1
95d47153b9bc4d0fe3b9c714c4b19c3b,2,2017-08-04 10:32:57,0.031122685185185184,-20.125185185185185,1,1
95ec7fc6a1605502060075958c3f9852,2,2017-09-12 14:20:41,123.90565972222223,-14.037395833333333,1,1
95fc0e6f6939f521e44a588ff18eacb9,2,2018-01-24 08:06:36,159.055,-16.238541666666666,1,1
960118b2d734220509690e16787f955e,2,2017-04-01 17:24:26,1.1574074074074073e-05,-16.593923611111112,1,1
9620e26af0dfec5a16a52cd2afa81717,2,2017-08-07 20:07:03,139.8979050925926,-12.234143518518518,1,1
9627e55290c60f562fa06f399ec6b82f,2,2018-03-15 12:40:16,48.7865625,-8.371979166666666,0,0
962c6b5225cdd53c41509bc38d3a8217,2,2018-02-13 16:10:17,31.13662037037037,-2.2224074074074074,1,1
96701d73665eab8fc6fecb9863266efe,2,2018-05-20 22:50:53,366.15739583333334,-0.29940972222222223,1,0
967eb85deeab5124df2165cdada917f3,2,2017-12-06 09:39:37,160.63755787037036,-23.94224537037037,0,1
967ee07cb69460a7e1d42c7747142572,2,2017-11-26 17:11:53,311.7475,-11.029733796296297,1,1
968fe295f3c0ecbab2f617917cc4c46f,2,2018-03-03 10:03:42,1.1574074074074073e-05,-0.16427083333333334,0,0
969e62a47aec03c735127e6f11ad6564,2,2017-07-03 09:14:20,55.929467592592594,-14.14394675925926,1,1
96d3a3257161c32fe93aea0e38b16515,2,2018-01-25 14:04:45,1.1574074074074073e-05,-5.188518518518518,0,1
970e5961383615662043afa2d9c68802,2,2017-06-18 10:26:33,0.001400462962962963,-18.330497685185186,0,1
971e2252d557c5f6b2de810f6fcd52eb,2,2017-07-11 16:16:11,0.9958217592592593,-15.201550925925925,0,1
9735b1a02ad4d2b3747e9a74cad789a1,2,2018-02-03 14:33:03,42.87158564814815,-21.141064814814815,1,1
974148f722b785f187ae13ec0040abcf,2,2017-07-17 03:37:39,107.53973379629629,-13.189039351851852,0,1
976a39626eb2337ee3258d4ad73f1543,2,2018-01-06 19:46:05,342.99710648148147,-15.02142361111111,1,1
9775c540f0a4db487f546de3cdc5eccd,2,2018-01-14 20:01:54,0.0,-25.980381944444446,0,1
97981245c3257ea9b14befffd560177b,2,2017-09-14 07:49:05,32.5287962962963,5.769398148148148,0,1
97bc08e526795b17e1d4f642f77ae304,3,2017-08-07 10:26:28,3.054733796296296,-14.87429398148148,1,1
97c0d90b4d37062c75b5f836ce3ab957,2,2017-09-07 21:32:35,0.0,-10.288773148148149,1,1
97f0fce3f9d7aad1b12499a4e4b10d07,2,2017-07-10 16:47:10,115.81277777777778,-8.993020833333333,1,1
982f532d3e8e8177c57361a39d1b1492,2,2018-04-12 14:05:08,26.70261574074074,0.6310648148148148,0,0
9832ae2f7d3e5fa4c7a1a06e9551bc61,3,2018-04-24 23:25:11,142.48491898148148,-15.748362268518518,0,0
984503860d8d8dea530666eec07de95c,2,2017-11-13 21:19:37,33.53283564814815,-14.434907407407408,0,1
9846c216ee14a40400f4aae954eaeb59,2,2017-11-18 13:14:17,1.1574074074074073e-05,-7.126793981481481,0,1
98758d88bf4b8eef1372ddee45d63178,2,2017-09-17 06:44:58,163.35333333333332,-0.24070601851851853,1,1
987fadd385777d8f27edac709bc9fb61,2,2017-11-23 14:49:21,49.93048611111111,-11.506145833333333,0,1
98883b9e1d9d9c46c298c69146db811a,2,2018-02-11 17:21:50,15.94357638888889,-10.07707175925926,1,1
9895459a777c96d1f180c344fc5fdefe,2,2017-03-03 18:40:16,2.3148148148148147e-05,-12.52400462962963,0,1
989ff17eed965d5e5949b4d9a6f6af67,2,2017-12-23 11:00:34,1.1574074074074073e-05,-20.12033564814815,1,1
98b69c34f0422d2e025280b55531166e,2,2017-08-20 20:11:55,0.0,-10.112662037037037,1,1
98d2fc070f4afbd02c5788eacc6949c5,2,2017-05-03 10:49:36,6.704849537037037,-13.028842592592593,0,1
98d9a0f7e940e0750fbf72f9aaab1210,2,2018-04-14 09:33:38,341.6175925925926,-24.29716435185185,1,0
9910e92c18776a14048773cef6592b91,2,2017-07-26 09:47:24,68.40619212962963,-15.09755787037037,0,1
9935b7e2683de890a208026f020e54d3,2,2018-01-07 22:52:49,283.39167824074076,-14.335023148148148,0,1
9947c0ed8bf41cd508a78da36abc1d41,3,2017-10-25 01:58:21,34.469473379629626,-10.769305555555556,0,1
995facb032e4446a511762f5f842eb11,2,2018-03-05 21:45:05,151.63091435185186,-15.458368055555555,1,0
995fe9426f030109b1614044edaf46d9,2,2018-03-29 14:29:44,176.17505787037038,-11.31800925925926,1,0
996fdddf8cd5bbb99b221fcaf5ba1359,2,2017-07-20 07:30:51,56.82076388888889,-24.403530092592593,1,1
999bf1d2709dc80fcf55a92805ecc34f,2,2017-05-25 14:33:46,22.043275462962963,-2.3794097222222224,0,1
99b026061fefe9ff09cdd0e745a9233e,2,2017-09-25 18:41:45,111.03895833333333,-17.15164351851852,0,1
99b8ee09d642ffedf091951a7235faa0,2,2018-02-14 21:08:07,240.2056712962963,-12.07787037037037,1,1
99bf2e03eb1ef8f29fd57ad10fd75e48,2,2018-05-01 22:42:56,32.11704861111111,-13.105011574074075,1,0
99d1962d736052c7b8793ba94126c377,2,2017-11-24 18:41:11,0.0,-8.070231481481482,1,1
99d697dd68fad729283560abe0adae43,2,2018-01-10 09:04:09,265.7582986111111,-21.344305555555554,1,1
99da196553d9b67b1c762a712a8caaf6,2,2017-11-24 01:39:47,4.211597222222222,-10.008969907407407,0,1
9a2344afe2d1a43559906bd456567a9b,2,2018-01-22 20:54:07,1.1574074074074073e-05,-13.266990740740741,0,1
9a6a921e2fdd2e6ba9c4fbdf24381248,2,2018-02-06 14:42:05,32.19469907407407,-5.9549768518518515,0,1
9a736b248f67d166d2fbb006bcb877c3,2,2017-08-08 20:26:31,12.316493055555556,-15.467847222222222,1,1
9aae8213ff9bc04cc3ce48b85f43a173,3,2018-05-27 18:33:39,0.0064988425925925925,-9.193796296296297,1,0
9ab9e6724cc65e59593099f18081fd35,2,2017-10-22 12:19:55,0.0,-20.33486111111111,1,1
9abba9caa203cd4344b8c918d6ade26e,2,2018-02-21 21:33:47,2.3148148148148147e-05,24.83650462962963,0,1
9ae2dda41ec3dae4c5c780e251223272,2,2018-03-14 15:47:48,3.062824074074074,-4.071678240740741,0,0
9af2c271654a36a48beefe342ba6208a,2,2017-12-21 22:44:44,87.33887731481481,-7.331076388888889,1,1
9afb61455d41afffa3ea550d1cfd832c,2,2017-05-11 13:52:30,0.0060879629629629626,-7.140335648148148,0,1
9b22d6fe1f74d6e1aefec789415ec847,2,2018-03-18 11:20:16,237.35994212962962,-9.266180555555556,1,0
9b76c588a7a8d495bce4f71d2559d3ee,2,2017-04-13 08:45:33,1.1574074074074073e-05,-22.533391203703705,0,1
9b8180cd4fe75a8acd576d0408ff8bf4,2,2018-04-24 15:51:09,12.804976851851851,-8.014930555555555,0,0
9bb5ee90bbf9e5dec4a866a9d1117328,2,2018-01-15 18:33:21,310.28586805555557,-10.965960648148148,0,1
9bc158770d28e135f48b0c3fb2c21d27,2,2017-09-14 18:50:07,22.105891203703703,-15.247199074074073,0,1
9bff551dd73fdb455a7c2ceb6bed2d39,2,2017-08-18 12:08:35,190.8440740740741,-14.151550925925926,0,1
9bff67cbd491a775eb1e262b778da4e6,2,2018-01-16 12:06:29,19.026851851851852,0.9073958333333333,0,1
9bff77a776574edf41418ddd01bcbb4e,2,2018-04-15 19:39:10,69.06065972222223,-23.032962962962962,1,0
9c18cd0ba86443dce5c2e5157cbd2eff,2,2018-05-29 02:29:23,236.34091435185186,-27.163506944444446,1,0
9c3a23565ded3e71fc8979579e8f091c,2,2018-01-10 02:41:38,5.999444444444444,-10.334351851851851,1,1
9c4220872289f4e0239410f49e02e189,2,2018-05-27 03:04:57,109.44347222222223,-7.288009259259259,1,0
9c540c186d344c460d85726b531b287b,2,2018-05-21 14:39:32,373.56386574074077,-6.275034722222222,1,0
9c760a39c48113c1450dd5b65958d7fa,2,2017-09-04 15:31:36,85.92516203703704,-6.258171296296296,1,1
9c9372efb0eaba42664210e312fe38c4,2,2017-11-11 23:20:20,0.006215277777777778,8.7378125,0,1
9ccfff93c79f3dd996cce15f26480c5b,2,2018-02-01 19:34:28,16.354004629629628,-13.206064814814814,0,1
9d1773d6d4fb3faaf3173924d181952a,2,2018-03-21 14:22:36,61.57646990740741,-2.0358217592592593,1,0
9d2b062dc07734a1d7053478a7e83280,2,2017-11-22 15:36:42,6.958912037037037,-8.982025462962962,0,1
9d31457a03125fc870787a251760315a,3,2017-08-30 19:45:25,107.07994212962963,-13.861869212962963,0,1
9d4dad0a5382a8d234d0ad979dc594f2,2,2017-03-29 23:17:00,1.1574074074074073e-05,-14.402708333333333,1,1
9d8130e675ce6c1f24cd519444f7642b,2,2017-07-12 00:49:22,76.22471064814815,-9.204398148148147,0,1
9dc44558922ff57d14d99f20d37f440f,2,2017-06-18 22:03:52,0.001400462962962963,-17.330902777777776,0,1
9e174aadbc877e3c42ca03babfd157f8,2,2017-07-31 10:00:03,3.472222222222222e-05,0.4819791666666667,1,1
9e4accf95024aa6565ca1efcadb96752,2,2018-05-12 13:42:24,250.72733796296296,-16.278831018518517,1,0
9e527c9bc89a4228e5d8e136712ec63e,2,2017-10-09 17:40:38,55.024675925925926,-12.234305555555556,0,1
9eaed62db4e25ad2ac2fcdec58a8e6cc,2,2018-03-29 16:11:04,2.4058912037037037,-13.223206018518518,1,0
9eaee1fe94e2155bde44087d299c0b9d,2,2018-05-08 16:48:02,68.92646990740741,-4.039791666666667,1,0
9eb77967122094a4eea4084933b47a1e,2,2018-03-19 10:05:40,0.0,-7.233101851851852,1,0
9f10a450cddebea0e7cd86f67c894d1c,2,2018-05-07 10:00:08,120.80297453703703,-16.11050925925926,1,0
9f37b1215df84eae065524290b66cba6,2,2018-02-09 00:22:10,8.922418981481481,-5.196504629629629,1,1
9f5e91d56f3c3c192a0ee7fa88de7113,2,2017-12-07 13:12:40,84.56342592592593,-3.4066203703703706,0,1
9f6a13c93d886acbefe16ad39bbfb85c,2,2018-01-17 08:21:49,182.87806712962964,-17.03247685185185,1,1
9fa0a504d42412f2bc9878d90541121d,2,2018-03-15 10:52:58,229.91585648148148,-9.894224537037037,1,0
9fdf694ddd72ea586dc72ceb7a0d2d91,2,2018-02-05 22:54:03,0.0,-14.011967592592592,0,1
9fe8cb705d35cf54025160f9f01b7cc4,2,2017-12-12 22:13:30,172.05949074074073,-14.153738425925926,1,1
9ff6787921b9aecefdb9c8212ebd8679,2,2017-10-17 19:05:01,1.1574074074074073e-05,-8.129143518518518,0,1
a00a13ac36037d575bb016caf8f50d53,2,2017-04-07 10:12:48,9.737361111111111,-26.363055555555555,1,1
a017de101a9c4fab4995c1bc81e737ea,2,2018-05-19 10:58:30,0.004826388888888889,-3.3494907407407406,0,0
a029899dd8534557a81c369475ff80c8,3,2018-05-01 17:38:20,9.089890046296297,-17.169913194444444,1,0
a06f383add4d40457f1909b67ce6b7fb,2,2017-03-20 11:01:19,2.3148148148148147e-05,-11.397523148148148,1,1
a0b4713c96aeb3aff3b23412e63d5f75,2,2017-12-07 16:48:12,0.01773148148148148,-11.09349537037037,0,1
a0d44d593fe455c0ec7ed8f4715190cb,2,2018-04-03 14:42:26,0.8803819444444444,-8.146597222222223,0,0
a0e0770d529c5da6dd71d5be8620aa3b,2,2017-06-07 20:28:13,23.001527777777778,-27.109560185185185,0,1
a0ef77ac3d3662b055dc12b045da37ed,2,2017-12-29 18:40:58,156.12665509259259,-17.518483796296298,1,1
a0f0a2082b269a9715ba874c94b592f3,2,2017-11-24 21:13:26,0.0,-7.466006944444445,0,1
a1044dd75b74fbc485b040575a14acf0,2,2017-12-20 23:22:55,8.21079861111111,-19.268136574074074,1,1
a10fe3c477989c968aa284bd448b1d5b,2,2017-04-29 16:26:37,25.23991898148148,-14.560613425925926,1,1
a124666e823bbd5fb77a72afc8c1360c,2,2017-05-04 23:14:03,0.0,-14.337685185185185,0,1
a176838867d89ed62981cdf02b7ca3e1,2,2018-03-04 15:58:10,1.1574074074074073e-05,34.691631944444445,0,0
a1874c5550d2f0bc14cc122164603713,4,2018-05-23 15:50:05,109.02993441358025,-23.11979552469136,1,0
a1a374f4c131638dc698c76bebd11769,2,2018-02-01 15:22:08,6.9931018518518515,-12.128761574074074,0,1
a1bb96820529725c3c79a77c69e7e792,2,2017-06-08 23:17:57,0.0,-19.463900462962965,1,1
a1c1665f040ebd05f327c8e9dc1cdf4f,2,2018-04-29 18:49:55,166.7994097222222,-9.046898148148149,0,0
a1f6aec75e41168caba548372f245c68,2,2018-03-06 14:25:20,77.11261574074074,7.866469907407407,0,0
a2027a1c6f9e04a875c44ea09061d3f2,2,2018-05-18 11:04:32,52.88953703703704,-12.436828703703704,1,0
a2370b590b2453d5a748d4c4c35f900b,2,2017-11-13 17:12:35,201.09998842592591,-15.17056712962963,1,1
a239b8e2fbce33780f1f1912e2ee5275,4,2017-02-17 15:15:26,3.671087962962963,-28.187040895061727,1,1
a253d10c681ebc4ee987907d2fd156ce,2,2018-05-14 17:25:13,48.85635416666667,-33.04732638888889,1,0
a2b7188b91416738f3f713f6e107f276,2,2018-02-19 23:20:19,124.22849537037037,-5.307916666666666,1,1
a2c15de05ef380b5a7eaf915898926db,2,2017-12-01 09:43:01,13.583946759259259,-6.000219907407407,0,1
a2d8125361b16f316df65f4603b88e23,2,2018-03-10 11:31:10,56.71773148148148,-7.1163541666666665,1,0
a3021c629bd1d99347a8e75a9ab035d8,3,2017-11-08 11:31:57,54.49598958333333,-10.955873842592593,0,1
a327e19095ffb086d25f7ee477c9d3c6,2,2017-01-29 18:35:23,0.011354166666666667,-36.51888888888889,1,1
a368079a0bebc82daf9ee12fd8a6ccd1,2,2018-02-20 20:38:22,0.0,-0.4771296296296296,0,1
a38b86dce31f7c014a0c958b548f6a64,2,2017-06-12 11:39:00,72.59762731481482,-11.491296296296296,1,1
a3c22bbd3ae5d6200ac82078b67eec2a,2,2017-12-12 09:34:16,5.353217592592593,-12.468819444444444,0,1
a3cff19572a9d98802efdd6603792ce9,2,2018-01-09 18:57:54,6.176770833333333,-18.025983796296295,1,1
a3dc27d87234f862d7e61a0148c77fa9,3,2018-04-13 10:09:10,24.490104166666665,-11.600775462962963,1,0
a40096fc0a3862e9e12bc55b5f8e6ab2,3,2017-10-11 14:49:50,0.4229976851851852,-12.171354166666667,1,1
a43931660f8bbcc1c64db8ddf4b10dff,2,2017-10-06 20:58:51,104.44783564814814,-43.09368055555556,1,1
a44636f3316d0114566918bd02ef58bd,2,2017-10-22 07:28:18,3.472222222222222e-05,-13.365185185185185,0,1
a44b31b99d33ba6c128b857d28842ea8,2,2018-02-23 17:30:08,2.3148148148148147e-05,-3.1935185185185184,1,1
a484d6a80277ccf24d9980cf34c47546,2,2017-09-15 12:14:10,1.1574074074074073e-05,-4.2934375,1,1
a48616b0798c3f1d5cae097c18180be8,2,2018-02-27 22:18:18,0.0,0.7011458333333334,1,1
a4e71a98a7a1490fff07e7a65cf06be2,2,2017-10-10 15:57:19,168.79984953703703,-15.3359375,1,1
a4e8a2fb3d4d783c8eec5bf1ea80d3c6,2,2018-03-18 14:44:29,77.74450231481481,-7.247719907407407,1,0
a518c60e2e7f3a2820b4ef5cf5107189,2,2017-10-16 12:28:39,25.559641203703702,-7.223159722222222,1,1
a53b3da0cf3e158e78cad26c27a06d19,2,2018-02-23 20:55:33,1.1574074074074073e-05,1.7894675925925927,0,1
a54de86aa4370cc93031bb4e99d436b0,2,2018-05-25 20:47:34,32.98224537037037,-6.411400462962963,1,0
a5c62e7e896b7e6ed95d39714f51304a,2,2017-07-04 13:27:14,0.0,-15.15076388888889,1,1
a5c806ebe5b25d0ab1e7f0da0e17d6bc,2,2017-04-13 20:08:10,70.9006712962963,-18.3375,1,1
a5c93e7b12545f61cbf92efa2d77f1f3,2,2018-02-25 13:06:17,1.1574074074074073e-05,-0.05792824074074074,0,1
a5c9660af607788526f45b6774ac2594,2,2017-07-22 23:18:13,8.296284722222222,-12.45306712962963,1,1
a5d3bfee5b23b430b95c4ae295e1028a,2,2017-01-23 13:31:26,2.2728587962962963,-28.366006944444443,0,1
a660768f87f5460dead886e622dd5741,2,2018-05-21 21:34:55,75.46689814814815,-11.140393518518518,0,0
a66315c850c3712707754c1eca7a8069,3,2018-04-25 12:23:27,171.02867476851853,-13.173443287037037,0,0
a69d31a5f6011df99d415808d6d640b9,2,2018-02-23 18:37:23,1.4249537037037037,-10.98167824074074,0,1
a6ea57f856565adf869941339028fa05,2,2018-01-24 22:46:55,61.39289351851852,-20.2925,1,1
a74c55db1520986fe4c117a54a0fc287,2,2018-05-02 10:22:32,20.823634259259258,-10.432962962962963,0,0
a74e3f2f887f14862e34c61ed0e4c5d0,2,2018-03-05 18:12:14,69.07461805555556,13.871446759259259,0,0
a7657330b1c135f3acd420326e335b2c,4,2017-11-07 18:03:01,57.62775848765432,-12.289104938271604,0,1
a783997c6d6e57782d4d2dcbc5c9edaf,2,2018-03-07 12:17:30,337.77825231481484,-15.303715277777778,1,0
a7986e0208cca640dd67c245525231b2,2,2018-02-24 17:49:16,1.1574074074074073e-05,8.710219907407408,1,1
a79f018f214e99a7551fd6efea6e2c4d,2,2017-10-25 13:44:07,2.3148148148148147e-05,-9.134155092592593,1,1
a7a6d8b62390ec8014d5a46ee36644c4,2,2017-03-25 18:02:37,1.1574074074074073e-05,-19.441678240740742,0,1
a7bbfaf8a288c45dc38d4693535dd63f,2,2017-02-07 19:06:47,9.377002314814815,-30.296724537037036,0,1
a7d9a3e447614288937ad2bba991676c,2,2017-08-11 21:59:06,1.1574074074074073e-05,-12.098472222222222,1,1
a7f8b23aaf522616c6c7daa2a3753247,2,2017-12-04 00:00:35,11.974363425925926,6.7574652777777775,1,1
a82d9e16794b2921f600796767322a9f,2,2017-05-17 14:07:47,21.953506944444445,-13.412430555555556,1,1
a8333c0243253bb6d89193af79807384,2,2018-02-14 17:56:45,333.9672453703704,-1.282974537037037,1,1
a865a3f8b39809ab1ba53cd0e8122999,2,2018-01-17 11:32:19,14.476469907407408,-8.185856481481482,1,1
a8cb771f0d1d230407948d4ce2af5c3e,2,2017-07-12 14:26:37,68.89982638888888,-23.47246527777778,0,1
a8d344109edd5d56bed40ebbc3119129,2,2018-03-15 20:58:52,0.0,3.746261574074074,0,0
a8df4001abe77cf8473902c2b7efe418,2,2017-10-19 16:28:07,80.1865625,-7.133263888888889,1,1
a944a93bfa1d65b1523c45f9ccb01ec0,2,2017-11-29 23:33:23,46.66747685185185,-10.959259259259259,1,1
a97d43b24d76819903192611aca17914,2,2017-12-29 19:52:03,12.00806712962963,-26.16141203703704,0,1
a982bd0fec12d781fecd9f1e17cb81bf,2,2018-02-25 17:37:04,0.0,-23.300983796296297,0,1
a999e4bbad221a030b57ef4a2bfa1c39,2,2018-05-09 08:06:14,1.1574074074074073e-05,-12.222592592592592,0,0
a9e070f61d35aa13e420c8597b5ccb3d,3,2018-01-28 18:43:24,3.9533391203703703,-12.99347800925926,1,1
a9e4348b76f85861ada324e72dc92aca,2,2018-04-12 11:09:29,121.59876157407408,-16.164328703703703,1,0
aa2630ebac79aa0c7749370b705121bc,2,2017-10-03 11:27:21,1.1574074074074073e-05,-6.556516203703704,1,1
aa3d117e569361959283b1e267bb785d,2,2018-03-03 17:11:27,1.1574074074074073e-05,6.0575,0,0
aa819ffd42a7a52ddfaee53f024fafdd,2,2017-11-25 23:45:18,0.29814814814814816,-14.109050925925926,1,1
aaad6d68de5490cba508e4203ddc87de,2,2017-06-29 08:13:00,60.81021990740741,-7.271076388888889,0,1
aab0cf2b7b1d9c3fd242397d73ed044b,2,2018-02-01 17:56:01,237.37473379629628,-13.28119212962963,1,1
aaf97f99c731d8d84810ff16e6ded10d,2,2017-09-07 18:05:42,48.96259259259259,-10.306875,1,1
ab0f956f72812ae4636be4e15b58031e,2,2017-06-27 11:20:27,16.93570601851852,-7.1931365740740745,1,1
ab0faabf48c8c0108c13277d2b701f16,2,2018-01-17 18:06:45,2.0553125,-20.220289351851854,1,1
ab243cd9e788d689cc822380f59616e1,3,2018-02-01 09:39:48,64.97644097222222,-16.106655092592593,1,1
ab2833d17fa6bccadb045eaf458e7e5e,2,2017-11-25 21:39:12,0.00028935185185185184,-7.192673611111111,0,1
ab58f2fb5f71caac6366303095c0cd41,2,2018-05-05 10:14:05,240.0290162037037,-7.4144097222222225,1,0
ab744045d2445f5bae53b57a4b99bfbf,3,2017-12-17 16:32:26,38.48372685185185,-12.794971064814815,0,1
abfe742e782fb10f5c824fcb849e5cd1,2,2017-08-18 14:30:22,0.0,-17.090069444444445,1,1
ac64c33e439eba6713e1743e070ef50e,2,2017-05-07 13:05:14,1.1574074074074073e-05,-7.51744212962963,1,1
ac95cdab584cac0e86ce97a5399ecf79,2,2018-04-08 12:39:48,78.52950231481482,-19.181574074074074,0,0
ac987d464574ee0f743f9b630f937a27,3,2017-10-01 08:20:11,53.48904513888889,-7.299363425925926,0,1
acaf5177d6de60fda7ce77c48abb5230,3,2018-04-12 00:10:10,25.539542824074076,-6.580491898148148,1,0
acc374bd9024806a83121b1d2565db2f,2,2018-03-11 23:21:06,262.1456712962963,-5.266111111111111,1,0
acc4424c209233de519e034152f30304,2,2018-05-05 23:45:35,73.0584375,-30.4496875,1,0
acea6bd29b8c1e3c6a8b266a8fb4475e,4,2018-05-04 09:09:50,82.32311342592592,-11.196743827160494,1,0
acf91aaa6f337456d3c506a5a494552c,2,2018-04-27 22:44:44,462.32515046296294,-4.108078703703704,1,0
ad0ab3a7b55bde26410aff17192f6699,2,2018-03-31 19:07:33,45.952395833333334,-7.909074074074074,1,0
ad42aaf1833e2a64136a9d9f823d77ab,2,2017-12-14 19:10:10,0.041527777777777775,5.763391203703704,0,1
ad7072317d373de9bdc9b4ed5b6c5a85,2,2017-10-12 14:26:40,1.1574074074074073e-05,-28.132905092592594,1,1
addc1082e059523e5ef2e7486d1d8905,2,2018-02-27 10:08:49,0.0,-11.097534722222223,1,1
ade4eefdf0232fa26f1988cb56edc58c,2,2018-01-23 10:26:00,53.52540509259259,-19.181145833333332,1,1
ae0ef1d2e3a62b54a83dadad4db14f5d,2,2018-05-02 23:22:04,107.36901620370371,-12.858310185185186,0,0
ae11ab40faeb1f8b85f6308e052bd710,2,2018-05-09 21:09:14,68.29377314814815,-8.5265625,0,0
ae207cf8119fd10e3b9ac24570089fad,2,2017-09-03 21:28:15,75.30962962962963,-13.237615740740742,1,1
ae20947231d4d44dde1680a7ab14d90a,3,2017-09-11 22:03:59,4.488524305555556,-9.16564236111111,1,1
ae4395be33e633d0c87010d59847e5ed,2,2018-05-18 00:35:08,0.0,-21.12097222222222,1,0
ae44510fbe1ff7826298182f9f21aee9,2,2018-03-21 02:22:41,2.181377314814815,-2.2392592592592595,0,0
ae52fa61f27bd494a25bc4c101fa29d0,2,2017-06-06 23:09:17,2.3148148148148147e-05,-13.409849537037037,0,1
ae53a87a257f8e54795af6ff434e443b,2,2017-09-14 10:12:04,0.0,-12.365729166666666,1,1
ae72fc322c436d955bae749b31ef4b97,2,2018-04-13 07:50:12,142.64450231481482,-21.2203125,1,0
ae74c314b9c383e5d7bcd99d54ffbc71,2,2017-06-07 13:16:14,30.521493055555556,-3.5071412037037035,1,1
ae7b79796d47ab59f417a154efcdbb77,2,2017-09-23 09:45:33,196.85371527777778,-23.459976851851852,1,1
ae8482b27b2119e2c3278f5ddf9c1024,2,2018-02-12 03:09:04,1.1574074074074073e-05,-11.286273148148148,0,1
aebc1c715aad58419ecb2d919f449127,2,2018-04-28 23:55:33,158.46608796296297,-7.028819444444444,1,0
aecd46028eea6a741edca67e93b326bb,2,2018-03-03 17:23:30,2.3148148148148147e-05,-18.035451388888887,0,0
aef5b3dd086be507c3dd70e07aa6bb94,2,2017-08-10 13:55:29,1.1574074074074073e-05,-6.1681944444444445,0,1
af0450a3075f107a38cd7daadc98f990,2,2018-04-06 14:01:11,21.04917824074074,-13.488252314814815,1,0
af0f26435fade1ca984d9affda307199,2,2018-01-03 10:27:33,125.94422453703703,-13.04181712962963,1,1
af4fa1cf57ef7ad8c28fdb80f86258d0,2,2018-03-01 08:11:25,2.3148148148148147e-05,-6.023171296296296,0,1
af842a6ed9f77511c9bf46922a29ecb5,2,2018-04-18 15:41:02,0.0015277777777777779,0.675625,0,0
afd7854781ccdc3222b69421f9c7c6ee,2,2017-03-05 20:49:57,2.3148148148148147e-05,-9.5640625,1,1
afed5a21e94b4e3e5fbe6c7e4bc92f4c,2,2018-04-24 13:07:39,151.11163194444444,-17.220694444444444,1,0
b045295488236fa73d8d9c37dc4b03e7,2,2017-09-13 10:35:15,105.93761574074074,-7.164837962962963,1,1
b04b3653ac441004b247e96ac0829d0c,2,2018-05-03 20:48:47,38.04246527777778,-6.033391203703704,1,0
b079e8a1977edd900b4522be9dec0245,2,2018-01-25 21:33:34,38.2175462962963,-16.217858796296298,1,1
b088bc1ec6539752bf408ac1d9c694da,2,2017-10-11 10:23:09,0.00015046296296296295,-14.282581018518519,0,1
b08b68bac767c3269e827f822d308182,2,2018-02-18 20:42:53,0.019988425925925927,15.572650462962963,0,1
b08fab27d47a1eb6deda07bfd965ad43,4,2017-09-19 09:59:54,4.995725308641975,-13.877125771604938,1,1
b09f1bff1aff13c997af071602bc048b,2,2017-06-15 14:38:02,0.008344907407407407,-9.564293981481482,0,1
b0ac5b393b78a6e8185fd3acb154748d,2,2018-02-14 11:43:41,1.1574074074074073e-05,-9.290844907407408,0,1
b0b057559c54c99e41a21c40c08f7780,2,2017-06-05 18:44:05,91.2984375,-11.38704861111111,1,1
b0bc6de4a99007470bbdbbf5cc502ea9,2,2017-01-14 23:05:01,0.0,-20.36690972222222,0,1
b0c5e02d315f15318e37d7aab7ebb289,2,2017-11-05 00:20:47,4.6296296296296294e-05,-5.122638888888889,1,1
b0f47d39f0e55621071ec1e93ca6b74d,2,2017-06-10 18:25:19,13.404872685185186,-27.55306712962963,0,1
b10ad793f6d2cc31b08a3b8366f3d251,2,2017-03-25 09:03:09,1.1574074074074073e-05,-16.005011574074075,0,1
b1153ed93605e954b8710b36c8c5f5e8,2,2018-04-24 08:36:26,9.512025462962963,-11.20863425925926,1,0
b1449986ee6516d3797d782b01c36e80,2,2018-01-24 19:08:37,2.3148148148148147e-05,1.9874652777777777,0,1
b157d45094580a4a5a90af5331351c13,2,2017-08-27 02:56:37,6.944444444444444e-05,-12.07375,1,1
b17ed96ffdf66518b4cf65e328298e7b,2,2018-03-08 11:40:28,19.798449074074075,31.68684027777778,1,0
b197f4af65829575f2f333bd0e9fd204,2,2017-10-14 13:59:48,28.020011574074076,-26.244421296296295,0,1
b1a8a0800eac99ec4d83d6ca350a690e,2,2018-02-23 08:38:47,0.0,-6.174525462962963,0,1
b1c936c1a71a46cf4b840a9851486d86,2,2017-11-15 20:16:54,4.6296296296296294e-05,-22.260613425925925,1,1
b20c6505279f1beb9c862000c094ebc7,2,2018-05-03 16:46:39,0.0,-6.25318287037037,0,0
b248c92ec54199bedb1d603e0e6f98c6,2,2018-02-21 00:55:03,88.76759259259259,-9.205659722222222,1,1
b25a21b56a2d74da49e04cadbc9e0dd8,2,2018-01-23 16:54:31,187.98604166666667,-18.021608796296295,1,1
b2664990a1ac9e250d98ff5c615c3276,2,2017-08-22 20:12:47,3.472222222222222e-05,-4.320115740740741,1,1
b26fa76ddf33e534491e4ec46f51bc64,2,2017-08-14 13:18:06,76.71954861111111,-16.255208333333332,1,1
b29bd5c2f25523fa4754d058fd513707,2,2017-11-20 23:34:26,0.0,-19.09394675925926,0,1
b2a35fdfe13998540dc5fdda95e35ceb,2,2017-07-05 11:32:56,0.0,-7.170972222222222,1,1
b2bd387fdc3cf05931f0f897d607dc88,4,2018-03-05 18:13:30,2.101346450617284,-10.145462962962963,0,0
b316e256ce45161d3ab81f74834376e8,2,2018-02-28 23:57:18,276.5304976851852,-3.121875,1,1
b3806e7118d02476c96b3dd8578dd07f,2,2017-04-26 11:31:41,43.82505787037037,-20.252349537037038,0,1
b39dde6dd619943190a8cc9aa6db38a4,4,2018-02-20 12:26:11,111.3343287037037,-13.761504629629629,1,1
b3a6549b3cd47a7117094faafce8b10d,3,2018-04-01 23:02:25,28.21269675925926,-8.577013888888889,1,0
b3ccfe9606744e8b2757954a125ea1a6,2,2017-06-14 08:58:49,0.004178240740740741,-10.474560185185185,0,1
b3dc8eaa25a1212037fae667340f20e5,2,2018-02-09 10:38:33,1.1574074074074073e-05,-9.47451388888889,0,1
b463aa86422087e97281b2787590fb0d,2,2018-02-01 11:43:42,2.3148148148148147e-05,-20.262604166666666,0,1
b47715fad5cbc17bfb21e9ab646fdfb2,2,2018-01-12 16:54:45,7.933634259259259,-13.350358796296296,0,1
b4afb55d2d38d9bbe0b83ec108c3e77e,2,2017-10-23 08:03:09,104.51807870370371,-9.324282407407408,1,1
b4be8ffe5a39196f0098f30316f7d7a1,2,2018-05-26 19:31:27,358.462337962963,-21.266273148148148,0,0
b4e4f24de1e8725b74e4a1f4975116ed,5,2018-03-30 20:48:54,8.829262152777778,-8.915164930555555,1,0
b50e2c316ac14c5ad88a269716fe3662,2,2018-04-08 13:07:51,0.0021296296296296298,-18.167708333333334,0,0
b525fc8cce07342fb00ab3b2667c8eb9,2,2017-11-26 19:11:20,0.0,-13.12570601851852,1,1
b530945168f12f82a3f9be3a5e243afa,2,2017-10-13 22:52:40,55.48802083333333,-6.237013888888889,1,1
b56c60ed244eed72ff5640a41bf254d5,2,2017-11-21 11:37:06,280.1507986111111,-10.227037037037038,1,1
b593353aa4c093b71235ece9689ce7e4,2,2017-12-18 17:03:53,20.005694444444444,0.835949074074074,1,1
b59e4bb4efe81ba0f7d30cff6734f9a2,3,2017-12-04 15:07:10,0.0022453703703703702,-7.125653935185185,1,1
b5b46581465f851df3529a30d2503f59,2,2017-10-03 23:52:07,7.377152777777778,-15.32769675925926,0,1
b608532e04a3070b4b31178948f5c43b,2,2018-05-10 17:45:55,7.8558564814814815,-11.359502314814815,1,0
b60c8404de6587cab091a3fd0079f14c,2,2018-02-14 12:23:08,1.1574074074074073e-05,-2.1052546296296297,0,1
b619178eb4f697c3283943612910230a,2,2018-03-21 13:30:12,30.690601851851852,-6.437581018518519,0,0
b6216e2929abf9261e14d2e40f9a4d17,2,2018-01-17 17:40:14,148.77162037037036,-10.016342592592592,0,1
b62777d3969196b3329205b4d8e1ba0a,2,2017-08-10 13:44:51,2.7758564814814815,-12.247731481481482,0,1
b64064e3ae051f50b6f1eb12552d30e4,2,2018-02-07 22:30:38,286.09760416666666,-11.168368055555556,1,1
b643c19d91a65d73f94ba8e037668986,2,2018-01-11 22:14:00,340.18783564814817,-19.098518518518517,1,1
b64ebaf3d11b7209fe566364cc359a51,3,2017-07-17 22:44:24,1.736111111111111e-05,-9.790671296296296,0,1
b6551acfa77dba27fb288e08dbe02f84,2,2018-01-18 02:11:56,0.0,-13.278587962962963,1,1
b68a98377d20140feaa17eeb61687459,2,2017-06-29 21:40:40,116.05799768518519,-13.219502314814815,1,1
b698379306c3fad0ab64d82a63a770a2,2,2017-12-01 22:03:48,14.096099537037038,-11.325949074074074,0,1
b6aa5a87f6c08e2510324edca009810f,2,2017-10-10 19:26:34,27.923773148148147,-16.150844907407407,1,1
b6bb8e4780df00a25fa34335d3dc1330,2,2017-09-15 14:13:49,2.9233564814814814,-6.081064814814815,0,1
b6c083700ca8c135ba9f0f132930d4e8,2,2017-11-27 12:44:25,82.88324074074075,-9.288171296296296,1,1
b7741f7ec50ab6bcd52ab08ea8f214d9,2,2018-01-25 22:21:43,1.1574074074074073e-05,-12.157974537037036,0,1
b7d4cab5dd11b238da97b01eaf657293,2,2017-08-16 02:00:11,1.1574074074074073e-05,-20.46412037037037,0,1
b7d8524e14913b79fe082a5fc2efffd7,2,2017-08-28 15:30:28,1.1574074074074073e-05,-8.28199074074074,1,1
b7e2b4e7e5bbfc11eb1b22e6d822926b,2,2018-05-04 18:35:55,3.713391203703704,-14.30068287037037,1,0
b7f170888469e5332e43c92edd77793f,2,2017-03-20 14:45:57,1.1574074074074073e-05,-12.358356481481481,1,1
b824f6981f2ee1c30533c4138572428c,2,2017-07-26 00:27:11,186.56166666666667,22.705405092592592,1,1
b854c56e1163bced9c3ebf1e4a6576f3,2,2018-03-20 23:55:09,27.277314814814815,-3.1027430555555555,1,0
b8b3c435a58aebd788a477bed8342910,3,2017-08-24 10:29:36,55.53615740740741,-16.737719907407406,1,1
b8c5ccc844de0242c85efacf5b6a51da,2,2018-02-21 20:55:23,1.1574074074074073e-05,29.912824074074074,0,1
b8d31a82b1bb71983bbc08e4751baeab,2,2017-12-17 10:50:19,0.0,-19.23383101851852,0,1
b8f77228f32fce5c13df55da21fad23b,2,2018-02-08 20:12:55,28.401631944444443,-5.967094907407407,0,1
b8f9ecc7915ce653a1d7ee6dbfe8f54d,2,2017-08-10 13:51:49,0.005613425925925926,-13.142465277777777,0,1
b918da4934c7eabcda6e45b4e18aba53,2,2017-05-08 17:34:29,13.79792824074074,-10.531342592592592,0,1
b9544dcc09004b3b28e388ed130e50f1,2,2018-03-14 11:47:59,22.92943287037037,-5.199386574074074,0,0
b9fc2d4c90bdadc7052fabe8353084ed,2,2017-12-18 13:35:02,0.0,-23.21034722222222,0,1
b9fd889214fcb1a45e4cd51f5af6cba3,2,2018-04-02 09:01:04,265.9979861111111,-21.185324074074074,1,0
ba06852aa0cfbaf3e534272d2be15a96,2,2018-01-18 15:08:15,0.0,-13.403356481481481,0,1
ba0c0e497661b804dbb590a6c5660b77,2,2018-05-13 19:41:03,25.35361111111111,-6.064618055555556,0,0
ba16ab3721ffd6b57fc87a7a4f6a4fcf,2,2018-02-15 13:09:29,1.1574074074074073e-05,-0.09784722222222222,1,1
ba54ee5be417c0558c060a3186451248,2,2017-07-31 16:50:59,37.22980324074074,-12.257650462962962,0,1
ba77e9b6506636dcbd03e463d4786f24,3,2017-07-02 20:47:24,39.52493634259259,-16.705769675925925,1,1
ba87a137c5191264841e0be40e53f4ed,3,2018-02-21 08:39:03,5.787037037037037e-06,3.814247685185185,0,1
baad97a77fafd04f72a7f874dd67b37e,2,2018-05-21 19:51:55,384.66908564814815,-8.365046296296295,1,0
baffecbd1fcc31f8a415cef1cd8cf772,2,2018-04-26 00:03:03,78.98881944444445,-11.373449074074074,0,0
bb182f55e4cff6eabfc26d08354b5995,2,2018-03-14 22:08:40,0.0,-15.585497685185185,1,0
bb4d84a2b45b22ed710ac8c0dec63d1a,2,2017-07-30 03:06:36,1.1574074074074073e-05,-17.204988425925926,0,1
bb58670190dba4e9b320f84cb98317a3,3,2017-06-14 23:45:18,0.001394675925925926,-11.892546296296297,0,1
bb656eab01a34ac497457c5a92f5bd07,2,2017-09-06 17:41:59,116.99692129629629,-14.36513888888889,0,1
bb8486cad0e431659227f6fb18fc6a72,2,2017-11-25 00:21:40,4.263414351851852,8.67545138888889,1,1
bb99e6ae642f462d7bf05db05fc9aa11,2,2018-04-06 12:48:10,180.5308564814815,-10.204907407407408,1,0
bb9de7a757d93065939c7da2a3cd8ce4,2,2017-08-14 20:46:10,0.0,-29.312592592592594,0,1
bbe8686a830c0caaf68452997d73d396,2,2017-09-02 19:28:03,25.334027777777777,-25.316956018518518,0,1
bc0cc7fd03864119501b931413dde0df,2,2018-05-09 15:37:32,3.1261342592592594,-13.03800925925926,0,0
bc0d7bb032bbf422fc74bb279c47de1e,2,2017-09-13 00:46:59,41.19952546296296,-10.22744212962963,1,1
bc2387c48428a2e128eaa3d5b18b3591,2,2017-03-09 14:21:58,46.022465277777776,-7.078136574074074,0,1
bc27afa44f5b67b080ab4ba3851a162d,2,2017-08-14 10:00:45,1.1574074074074073e-05,-12.247662037037037,1,1
bc7b9e0d078c0c01f622b38cfcd7ee9c,2,2017-11-06 12:34:37,230.61082175925927,-14.157546296296296,1,1
bc877a9f97bb3f3d4fcd5f86028f81a9,2,2018-02-05 10:26:45,194.7921875,-10.281180555555556,1,1
bc98051cee7c0111167e6f40a4ed76f6,2,2018-03-15 22:02:24,18.39576388888889,-12.096840277777778,1,0
bcc9a08b533971412be737fd5bd918b3,2,2017-11-28 12:58:19,184.55854166666666,-5.970219907407407,1,1
bce006e903be688f122a39f45b210090,2,2018-05-11 13:24:45,92.54318287037037,-9.232592592592592,0,0
bcf0a5f0f3ec8639f940749aab360d8f,2,2017-10-04 16:18:22,91.71709490740741,-16.00525462962963,1,1
bcfc1d8cf64a476b003cee4599f9fd11,2,2018-01-14 22:33:42,1.1574074074074073e-05,-18.944664351851852,1,1
bcfc9032cea53ef734a6008742d954fc,2,2018-02-04 17:12:31,8.702523148148147,-14.097511574074074,0,1
bd0512ab6c631a62fdc974a682600f56,2,2017-09-25 22:57:30,31.52545138888889,-12.146956018518518,1,1
bd0f8d6b6bc185debdf79f91ba30fdc6,2,2017-03-01 10:08:34,9.027951388888889,-15.612511574074075,0,1
bd748b6890efcaa0e79187653b2d6a91,2,2018-05-22 16:16:37,34.20152777777778,-7.1883333333333335,1,0
bd8bee2d841f2573c7c4f2d49dfdcaf0,2,2017-03-10 17:55:34,3.472222222222222e-05,-15.372546296296296,0,1
bd8ee6a65c4d647953792da821444580,2,2017-11-30 11:48:21,1.1574074074074073e-05,-19.306400462962962,1,1
bdbc3238ae12ff1aab4853dbcbc2241c,2,2018-04-11 11:23:01,27.609641203703703,-16.208518518518517,0,0
bdde9ce1c27b88a7fe3ef13ad6a80b5f,2,2017-11-25 23:11:44,32.980636574074076,-9.3784375,1,1
bdfd71dfee6faa67122cc7cdbc14d9f7,2,2018-02-10 17:01:48,0.0,-6.560358796296296,0,1
be08ef2ebaeb41941a53aa75db874099,2,2017-11-26 10:05:27,4.039189814814815,-8.50068287037037,1,1
be33ce67f6c02b468b94afa895a955fe,2,2018-05-14 20:29:22,121.0267361111111,-14.3509375,0,0
beceaa52fb2f761e647222b3cf7ce0b2,2,2018-01-16 18:01:59,301.18175925925925,-14.078645833333333,1,1
befed7f0bf7fc3d0262b0f95989a36ae,2,2017-03-01 15:03:00,1.1574074074074073e-05,-16.445729166666666,0,1
bf257f507db19138f5bc4065313c1f87,2,2018-02-12 17:33:54,0.0,-18.354988425925924,0,1
bf429f20c75a39eab83442cda8e59832,2,2018-03-30 20:50:23,126.26358796296296,-5.168946759259259,0,0
bf448042b40749d8b95fe00c08a9b5cb,2,2018-02-01 07:49:37,68.37936342592593,-19.382638888888888,0,1
bf482716881b0c14af9efda1fc58a649,2,2018-03-01 15:16:26,274.1829050925926,24.55619212962963,1,0
bf59acdae64e9900fd93e4847baa1978,2,2017-10-07 13:59:13,0.0,-16.05951388888889,1,1
bf6504419e536f7c4c2461ebb0689d48,2,2017-06-29 00:20:21,31.118587962962962,-7.4359375,1,1
bf6656ef50e6fd00e7517b01d615b4f3,3,2017-08-26 08:06:34,88.96188657407407,-13.372743055555556,1,1
bf79e2be560481b2e6014798b4331a18,2,2017-04-09 09:52:05,0.0,-18.38491898148148,0,1
bf7e07e4ccc7df0889db4653d60c3f27,2,2018-04-05 14:54:54,3.0386458333333333,-12.314699074074074,0,0
bfb33fedf91eb21f6d32ad5345989a6e,2,2017-10-18 21:14:16,112.13828703703703,-9.282118055555555,1,1
bfc84496b1100cbbd83a6f8087526168,2,2017-06-20 18:52:33,44.97233796296296,-6.387384259259259,1,1
bfca7a9e3e07df51447510ede80822ec,2,2017-10-01 20:48:40,1.1574074074074073e-05,-12.476689814814815,0,1
bfcdddab5a2fe5dd1d1b8330795f4061,2,2017-12-25 06:44:48,189.73796296296297,-18.041944444444443,1,1
bfe1ecef0f01ad67e5e0cf1860e94e60,2,2017-09-19 09:22:36,123.7549537037037,-9.1084375,1,1
c0118e2c0a037c31aeca71d0b81f66a1,3,2018-03-29 19:17:49,117.20948495370371,-17.30849537037037,1,0
c0378e9280a6e9401f2b0fd4a288496b,2,2017-08-21 13:00:05,1.1574074074074073e-05,-20.20283564814815,0,1
c0394cfa96258a94e368499f919a3ba6,2,2018-04-10 21:09:18,88.11903935185185,-10.964189814814814,0,0
c0536ee7a009264e0f1bf1c8f4c54ad3,2,2017-11-24 12:58:54,1.1574074074074073e-05,-22.977210648148148,0,1
c05e676aa7a9139b522ba75149226825,2,2018-05-13 17:26:54,13.612372685185186,-6.049571759259259,0,0
c0779cfb3d6695eb9a6c14772852e10e,2,2017-02-18 17:47:36,0.003148148148148148,-28.42502314814815,0,1
c0842fc6a034863db2d8479df8435492,2,2018-05-07 13:09:18,340.74243055555553,-5.1256712962962965,1,0
c0ab0c71f36879a7e904700157a6d88c,2,2017-04-20 12:22:59,0.0,-9.260358796296297,1,1
c0f139fe95b95fe9648723696465c72b,2,2018-03-07 11:34:38,4.6296296296296294e-05,0.6866666666666666,0,0
c0fc2e3595c750de75d36e7db9399e83,2,2017-09-08 12:00:21,59.93525462962963,-5.192638888888889,0,1
c0fcb07a9959ae14f01bad208e445cc4,2,2017-10-15 22:17:40,241.93614583333334,-22.055729166666666,1,1
c1133ec81daffffd4871e9353a3c8fb3,2,2018-03-01 12:57:44,2.3148148148148147e-05,16.789189814814815,0,1
c130bf40aa6d3bdb444b04a8d78adf5a,2,2017-06-01 10:48:48,0.0,-8.384317129629629,1,1
c143eafe10719dcc7dc0a855b2e3554d,2,2018-02-21 17:35:00,119.97761574074075,11.535833333333333,0,1
c169c9937db997a267f749cdd64c161f,2,2017-05-09 14:41:10,0.0051736111111111115,-17.641111111111112,0,1
c17526359e1068290ebf7dd22a856de7,2,2018-04-02 09:45:05,342.0007638888889,-18.15792824074074,1,0
c17db1418a98b4a6d1dcad61cc579c70,2,2017-05-16 20:39:33,0.0,-15.3071875,0,1
c17dec01473d89441bb6a93fcb58e663,2,2018-03-13 13:51:27,119.74128472222222,5.003252314814815,1,0
c1977e8e3ea0900e70cd1dd70123d382,2,2017-12-04 16:58:17,39.23951388888889,-10.38849537037037,1,1
c1a57f5222ef4a8987b8477784809637,2,2017-09-12 08:47:04,1.1574074074074073e-05,-14.489710648148147,1,1
c1c17398c133e0b88ab63b2e29dbb2bf,2,2018-03-08 04:03:00,1.1574074074074073e-05,-12.213935185185186,0,0
c1d43ef6f70aff50201a1b882176a346,2,2017-04-29 21:36:17,25.192060185185184,-13.597430555555556,0,1
c1ef581a9af244904429f1828f2747b8,2,2018-02-09 13:47:24,72.0022800925926,-11.993715277777778,0,1
c2551ea089b7ebbc67a2ea8757152514,2,2017-05-27 16:15:38,12.824456018518518,-20.497650462962962,0,1
c25d2fb6d22e04ce43c3652e3cacadad,3,2017-09-05 08:40:16,21.502997685185186,-6.291244212962963,1,1
c2919fbdb45366551c1e80d5cb35cd3f,3,2018-03-24 08:03:00,98.94105324074074,-11.042592592592593,1,0
c297bb9230dc3152522d0c2b4caa7a1a,2,2018-02-21 23:00:07,79.08652777777777,-17.007025462962964,1,1
c2b85086965c0fed46df434ddd474a9a,2,2017-12-17 18:45:57,1.1213078703703705,-19.996886574074075,1,1
c2b85b27ebd380c2c156e3e8773bd4c6,2,2018-04-22 13:00:23,128.14496527777777,-20.63017361111111,1,0
c2e9a50bcf76b5783bc96f906f95bceb,2,2017-09-15 16:33:32,45.258125,-17.255439814814814,0,1
c2f7ac13c2e0937f956659002e5d5783,2,2017-10-17 10:10:05,27.550289351851852,-12.109039351851852,1,1
c35ffdd9679e194c3673533720b5e00c,2,2017-08-17 14:18:05,132.8678587962963,-18.27520833333333,1,1
c3733cbdb41f37b5477b2c01c523e220,2,2017-09-16 09:34:02,1.1574074074074073e-05,-3.254259259259259,1,1
c37449d8b51eefa148cd87b2c605a1c1,2,2017-05-04 19:14:54,28.008530092592594,-14.629930555555555,1,1
c385f43894ac5ac31c50339ccf16e8f0,2,2018-02-22 15:17:40,2.3148148148148147e-05,7.68582175925926,1,1
c3a1aa867de7bbc426695e756107ed38,2,2017-07-17 08:20:44,3.5169212962962964,-5.06400462962963,0,1
c3a8c3c742829113458555ed8d300404,2,2018-04-11 07:38:12,133.1452662037037,-17.339189814814816,1,0
c3efecdc2ca34416d845120af0bfca09,2,2017-10-26 13:12:04,29.98472222222222,-9.203460648148148,0,1
c400a61d8b936f7d10930fc142a39407,2,2017-02-18 14:36:49,1.1574074074074073e-05,-25.65693287037037,0,1
c40388c86f0334d1d69f33fc43322a8c,2,2017-01-26 00:20:23,1.1574074074074073e-05,-34.31142361111111,1,1
c4063084f01f085897c04bcbd81fcb69,2,2018-04-20 12:34:10,252.80525462962962,-20.220555555555556,1,0
c40b4a21d854ab194280dadc8998061f,2,2017-06-29 14:14:09,10.977777777777778,-12.113368055555556,0,1
c411c8b6dbaffd467263f87a23f2cf52,2,2018-01-09 19:14:09,188.78555555555556,-14.056261574074075,1,1
c4536b58064f144d0538c9cc69c2765d,2,2017-10-19 15:53:20,2.3148148148148147e-05,-9.172337962962963,0,1
c45ece361aab055ea6c55b61eb2d99c0,2,2017-10-02 13:34:45,127.82472222222222,-5.442210648148148,1,1
c499023d38f0db1bcf3db96b3c8a5dee,2,2018-03-08 23:14:39,274.987662037037,-7.988402777777778,0,0
c49c236a96f8e5b983ce6467af4317b9,2,2018-03-04 16:17:17,1.1574074074074073e-05,10.928078703703704,1,0
c4a0864ef7d2deb7cdb86898faf6ffa6,2,2018-02-03 14:26:28,51.234398148148145,-18.432743055555555,0,1
c4cf9b10d2668bfabb498d93004ab4a0,2,2017-12-02 21:17:32,14.898587962962964,-11.267395833333333,0,1
c4d9ec8c227594222eedd980cb28a6f4,2,2017-06-25 22:22:31,1.1574074074074073e-05,-11.452743055555555,0,1
c4fe9fc8b5e1b4f9992db983d0429854,3,2017-05-06 10:29:30,7.815266203703704,-14.892488425925926,1,1
c51a1ea9fa9851c70f89d1178c861150,2,2017-04-04 20:56:04,55.99814814814815,-13.30945601851852,1,1
c51a1f42780144ae12d0e529abc3f83f,2,2017-11-30 10:18:49,13.860277777777778,10.88011574074074,1,1
c5400d2fca348bd1313426efe4b10a51,2,2018-04-22 02:43:22,102.12092592592593,-14.285543981481482,0,0
c55821f6a2a59a93d4cde13a2ec14661,2,2017-08-16 13:10:42,1.1574074074074073e-05,-20.219965277777778,0,1
c5b58e89d4e287e453b4a0bffcf7a025,2,2017-07-28 10:51:19,0.0,-11.231898148148147,0,1
c5f6047fb345ffd234cf5b26268988be,2,2017-06-06 22:27:33,24.950972222222223,-40.408125,0,1
c60635e3c36e27ff9222fdac1ef3e17f,2,2018-04-22 07:23:36,90.82936342592592,-10.994618055555556,1,0
c644c379a96ef9468f073699ae37a84b,2,2018-03-04 16:45:30,342.87707175925925,-10.038217592592593,1,0
c658495c41a24ef33a852db6840738a1,2,2018-01-10 15:18:58,335.18605324074076,-22.19528935185185,1,1
c6df3869c263531ebd51f0454a353605,3,2017-03-24 06:19:53,9.915625,-17.194346064814816,0,1
c731a46dd44dfe456ccfa8968206943d,2,2017-07-24 14:03:17,13.838854166666668,-10.012256944444445,1,1
c76762dfb642ac154475239639f7f8f4,3,2017-02-08 23:08:53,4.488969907407407,-28.907401620370372,1,1
c76dbe63126a89c815fe9716acfdb4a1,2,2018-05-19 15:07:25,330.8329282407407,-7.345717592592592,1,0
c7b577de54cb78d5d8f60f78f0476a52,2,2018-02-07 14:23:13,3.472222222222222e-05,-7.213495370370371,0,1
c7fb8ec1ea35af7e89f989b6e17e2bd8,2,2017-11-04 16:29:23,0.9132754629629629,-6.3495486111111115,1,1
c803385049057260f738c18c12749747,2,2017-05-25 15:54:41,1.1574074074074073e-05,5.776180555555555,0,1
c83c41456526926a16e2f95d3652b6d3,2,2018-02-01 12:00:30,164.49707175925926,-12.151574074074075,1,1
c85df1c6ef6f7bb605e1c49d34f172ee,2,2017-12-09 23:02:28,34.52804398148148,-2.3301967592592594,0,1
c863f613022e5ce024c630ffa65ab51d,2,2018-03-14 17:57:56,60.77173611111111,-8.146712962962964,1,0
c89d91308d60d2f2076d20296962f2c3,2,2018-02-12 18:09:18,133.28623842592592,-5.167476851851852,1,1
c902f3ef39179b58e803da196af3467a,2,2017-11-26 23:26:59,1.1574074074074073e-05,-1.2922337962962962,1,1
c90610b4cd15ff318841445c558c41fb,2,2017-05-19 10:02:07,2.3148148148148147e-05,-21.323020833333334,0,1
c9158d089637ab443c78984d20da7fc0,2,2018-01-31 16:43:25,2.3148148148148147e-05,-23.282708333333332,1,1
c92f31f36283b5e3c4b4657734ea8c16,2,2018-02-19 15:11:50,60.229108796296295,31.928379629629628,1,1
c937a5d7fe89380c128d9b8746495474,2,2018-01-26 00:14:36,51.585787037037036,-22.18922453703704,1,1
c957b57bcaff0ed3a494d95c865de4a1,2,2017-11-16 17:00:37,21.987430555555555,-16.104479166666668,1,1
c968cdb924339d7a42e0c448153b72cc,2,2017-10-16 14:04:25,18.79710648148148,-13.252546296296297,0,1
c988628b7bc5d9c645eb7a3a66f31b46,2,2018-02-26 21:10:57,37.22986111111111,-6.043298611111111,0,1
c9b3b24308b1a4587ffa3e60fafc2b1f,3,2017-11-05 23:10:41,114.1244849537037,-11.142870370370371,1,1
c9c6d353f4101827b3dbc83b093b2fe6,2,2017-04-06 13:45:15,42.90796296296296,-22.34233796296296,1,1
c9c7f143771017a9c61af26f7291f7a5,2,2017-11-28 17:23:47,0.007835648148148149,-9.92462962962963,1,1
c9ec7638cb8f2dd8e4439fa8374d89e4,2,2017-12-31 12:43:46,113.91261574074075,-11.489826388888888,1,1
c9f3502cccf5585cea25aa7de58f6cb5,2,2018-05-03 16:16:41,210.08306712962963,-13.147337962962963,0,0
ca0cd77819a2427d6ca0e0d0e92de58b,2,2017-10-31 19:53:44,195.46318287037036,-13.120949074074074,1,1
ca26c28cab4d8cef1f2bc24e9bc78380,2,2018-04-23 17:07:27,62.050636574074076,-14.26199074074074,1,0
ca3865ab988451f1544dad3910217f29,2,2018-02-06 09:17:35,2.3148148148148147e-05,-12.286770833333334,1,1
ca55f9ebddc988ee65f4dea1a93ebc98,2,2018-02-20 09:50:21,268.58416666666665,-10.042314814814814,1,1
ca6d9bc2e717c2a0aa19d77a3bfa5398,2,2017-07-06 20:19:20,78.1791550925926,-20.158715277777777,1,1
ca994abc57b0bd7981d91d0061b3d8d6,3,2017-08-21 14:50:46,19.370497685185185,3.851284722222222,1,1
caa3d56b7a6777daaa2793053bdf2309,2,2017-12-03 23:14:29,104.53693287037036,-11.085543981481482,1,1
cabef558b42bd1d2578afc81048e8415,2,2018-04-08 21:48:54,94.33865740740741,-18.449490740740742,1,0
cb06773dbb3415543b78720a3986344e,2,2018-03-18 14:22:04,87.19282407407407,22.011736111111112,1,0
cb4253d36367737b6baa4f8ca58fac62,2,2018-05-03 14:37:40,323.56916666666666,-14.09607638888889,1,0
cb4f48aa5b4657435b012a65f2a122eb,2,2018-02-17 14:07:46,180.91530092592592,-25.86167824074074,1,1
cb57be427d5e8c06c10cdd1540df1e00,2,2017-12-04 17:24:58,126.0810300925926,8.897824074074075,1,1
cb5c545d96f39390b7f372aaa88c4a7e,2,2017-11-01 16:00:04,5.729351851851852,-2.0563194444444446,0,1
cb6eb4e06104e8902288c07ff4224c28,2,2017-11-14 20:34:19,0.01792824074074074,-11.942951388888888,0,1
cbc71e02efb1d43b84f80b2a64d6013c,2,2018-04-23 18:49:22,51.88880787037037,-12.33474537037037,0,0
cbd08b04b3f301152b7570da5e9c8cc4,3,2017-09-16 20:27:30,1.6630381944444443,-6.11537037037037,0,1
cbe71e4cb0b82b97bbec5cd51e0fa3ea,2,2018-03-04 15:01:18,43.608969907407406,-4.528599537037037,1,0
cbebce165db72a2bfba9e81a3411bdf7,2,2017-05-09 17:19:12,65.16783564814814,-20.65571759259259,1,1
cc025521d96a3005316b61cde71907db,2,2018-02-20 22:09:01,185.28953703703704,18.7028125,1,1
cc0472ed54d7ef34d66a4cad6bf2e666,2,2018-02-25 11:41:01,181.6803125,-21.233564814814816,1,1
cc14ea7099959d91a17c9d7c3a46721d,2,2017-05-19 15:52:45,7.225162037037037,-13.503726851851852,0,1
cc47f99364c6a2b50a87c1bbb3e4f0f8,2,2018-04-05 12:39:13,70.09586805555556,-15.117106481481482,0,0
ccac5680eab564a88f301f59030b448b,2,2017-05-18 08:42:35,1.1574074074074073e-05,6.651932870370371,0,1
ccd2f7d983d761b9c7520a266bfcfc81,2,2017-11-16 12:33:17,0.015752314814814816,-9.168923611111111,0,1
cd04cd9aa9eb0b51b40a2b124f3a93f3,2,2017-10-17 23:11:15,26.021944444444443,-0.4313194444444444,1,1
cd11a0920c498edb1da9ecd2d31aa599,3,2018-02-02 22:05:44,51.49884837962963,-5.251550925925926,0,1
cd52ca09554e5cc34d9ec28d230008af,2,2018-03-21 09:40:36,0.0,-13.156481481481482,1,0
cd86f2b40a6183a8212f9053bb0aaf8a,2,2018-03-19 13:36:55,30.97622685185185,1.0275578703703703,0,0
cddc66766972c6d5da2fdd80fcefe1f0,2,2018-03-21 14:03:09,0.0,-12.12,1,0
ce60a50b73f7934a7d4caa92f2f05bbf,2,2017-09-01 12:43:39,1.1574074074074073e-05,-1.1284953703703704,0,1
ce8b665ad7a00dfee2a4fbd19dedb82a,2,2018-02-25 20:41:55,11.093657407407408,66.51275462962963,1,1
ceb767afcf00ef4fedae42343064aa3d,2,2018-03-02 16:48:42,1.1574074074074073e-05,-8.20630787037037,0,0
cecc19ff12c206e6368dd1e9c22a848d,3,2018-03-19 17:40:34,191.49378472222222,-7.87087962962963,1,0
cee4e6509d99d45518c65d26971c1cbb,2,2017-07-18 12:38:09,6.521736111111111,-8.339328703703703,1,1
cee86ef4954e9d77f02cbc2276dd75e7,2,2018-05-19 12:55:59,4.968032407407407,-13.477407407407407,0,0
cef2883537239067f21cf38c1b2abb32,2,2018-03-17 15:21:41,119.81013888888889,-6.165046296296296,1,0
cef29e793e232d30250331804cdb7000,3,2018-01-18 19:59:07,157.53593171296296,-13.23177662037037,1,1
cef44ce121b124fdc3438472b1ac4e9a,2,2018-02-09 13:48:17,31.669722222222223,-11.281944444444445,0,1
cf26c0ed98d29abab5c9fe2643f88d19,2,2017-03-30 20:43:30,18.429826388888888,-14.454131944444445,0,1
cf32aeb4e8a323e6499a573ac5c90326,2,2017-08-15 08:31:44,38.65625,-11.258599537037037,1,1
cf7d5df4ee5ebe39ed41f0c5c1584b1c,2,2017-07-28 21:49:59,25.323900462962964,-20.164965277777778,0,1
cfb025f193db116549c9c23e4d58e3e3,2,2017-12-27 21:34:00,0.9719907407407408,-10.982256944444444,1,1
cfdaaa0caea59b06efb4b0fb8c700684,2,2017-03-03 19:35:00,1.2769444444444444,-6.475694444444445,1,1
cfe96f24bd8c36325e0d92e44324cf66,2,2017-09-27 20:39:16,0.0,-8.182210648148148,1,1
d0145502f422d4a9387f75186674f29a,2,2018-03-21 16:06:48,212.10273148148147,-7.401030092592593,1,0
d01cf8c6c7c836c5dd9320585928f42b,2,2018-04-15 19:42:06,0.0,-5.033206018518518,0,0
d02cbb85434c84acabb8e81bbf064d3e,3,2018-04-05 22:07:30,100.6053761574074,-7.868645833333333,0,0
d0401aa66d5c33ae752ece32f8474d3c,2,2018-05-08 15:52:07,204.71715277777778,-19.287094907407408,1,0
d045537cf9bd29e415334af5a6cb8ff5,2,2017-07-22 22:19:02,1.1574074074074073e-05,-3.477013888888889,0,1
d052fe86655dae0e952c1bacbbb99d7a,2,2018-05-06 19:03:22,122.39815972222222,-14.213819444444445,1,0
d059a0ec4c911c7abb10602099670325,2,2017-07-30 09:14:52,186.4989351851852,-10.099930555555556,1,1
d05fdf65460ea1bf8735cd5843c3d97d,2,2018-03-13 08:57:17,368.6588541666667,8.581111111111111,1,0
d0813c57df04369487ff42ab24dd0ac7,2,2017-11-21 20:32:21,213.27171296296297,8.773460648148149,1,1
d0924cc48eeb9e613a31e365ba1db47d,2,2018-01-29 11:19:16,206.68078703703705,-16.314097222222223,1,1
d0af5dec42f3bf160195f5bcb704fd01,2,2017-08-31 10:28:39,0.0,-7.220092592592593,0,1
d0b2f9c9f13d9048969517d02237b432,2,2017-02-21 14:25:22,5.1671875,-18.42642361111111,0,1
d0be859f85cda9d896ab14e4ffba955d,2,2018-02-15 19:51:05,0.002199074074074074,-9.022939814814816,1,1
d0c62583f73531eba6338b2390e7a861,2,2018-05-22 09:07:01,257.91037037037034,-1.126064814814815,1,0
d0c8fa169b9f2995d6a1692a0e3aae32,2,2017-12-29 18:56:31,0.0,-19.928506944444443,0,1
d0e376592a3036444738ee6a426785c1,2,2018-01-28 18:04:29,1.1574074074074073e-05,-26.43552083333333,0,1
d0e4eb7f19326cba84b20949f1c90393,2,2017-12-10 20:04:47,1.1574074074074073e-05,-28.33849537037037,1,1
d0f6a442ee95ea8674c2d8ba325f41c0,2,2018-04-29 20:45:10,28.757037037037037,-26.209375,0,0
d1085381045ea6f88be5cc3e14c61e55,2,2017-05-21 20:01:24,0.0,-12.512534722222222,0,1
d1c1745d918b9661759fce57da31a2d4,2,2018-01-29 11:48:36,2.3148148148148147e-05,0.9696990740740741,0,1
d21fb1e8aee69c608f5c2fb5b6c28cad,2,2018-05-06 17:04:16,71.31332175925925,-14.230023148148149,0,0
d24e1d0902dac57dd313bcf4f9c80160,2,2018-04-23 09:14:33,269.94762731481484,-14.422453703703704,1,0
d2560fea402745a0f20f542f829c6109,2,2017-06-12 23:43:30,3.8632407407407405,-9.493217592592593,0,1
d26c616e241736e0c1c1ab14150239e7,3,2018-05-15 13:04:20,37.93977430555555,20.718055555555555,1,0
d270eb25f6d487d94778d358b01c651f,2,2017-08-20 14:01:13,65.84939814814815,-9.352233796296296,0,1
d27295915d486516b99c3aed8628e83b,2,2018-04-16 10:31:20,325.7229282407407,-27.167673611111113,0,0
d277ef4a75c805239e54be86625e0722,2,2018-03-10 01:02:31,0.014016203703703704,-7.067662037037037,0,0
d2787622df9fd933c164f7cf696a4e2a,2,2017-09-27 13:54:38,5.787037037037037e-05,-26.134814814814813,1,1
d2d3ed262b31f2bb50932fd0b1ab5df7,2,2017-05-04 15:49:08,2.3148148148148147e-05,-17.32314814814815,1,1
d2ecc28fac1b377eefe7b209a895626a,2,2017-12-04 18:52:48,10.2675,-0.17429398148148148,0,1
d2f38262a9f66d15aa9fc2b60ea873d9,2,2017-06-02 10:25:23,133.8879398148148,-8.501840277777777,1,1
d3359a56d96666ac0c21bb01e7a61c95,4,2018-03-21 18:59:56,69.61590277777778,-16.85912808641975,1,0
d3581765bcf955dcf282b1642c74157c,2,2018-01-22 19:46:58,0.0,-11.449293981481482,1,1
d366cfc097d250c153a712cebfc7d94a,2,2018-02-04 22:14:40,29.190277777777776,-15.011319444444444,1,1
d3738b2218832d0397dbbceffa3f3514,2,2018-02-18 13:38:49,1.1574074074074073e-05,-1.1738194444444443,1,1
d375c3a3a6bff030c08c6d4109b3f226,2,2017-11-11 23:02:16,119.1393287037037,-2.3247916666666666,1,1
d37b5d5b492f667ea230e377a97fe859,2,2018-01-29 19:05:16,86.1075925925926,-4.400844907407407,1,1
d3857f98166ef23ca95d44cbe9b1828c,2,2018-05-07 11:50:30,44.163842592592594,-10.355127314814816,1,0
d387ea85dc301a91740e31360d355686,3,2018-05-28 16:08:37,62.61957175925926,-18.810989583333335,1,0
d3882d7abd0c66064d740d7ed04dd1ef,3,2018-02-14 11:52:13,5.787037037037037e-06,-3.6075636574074075,1,1
d393419796111dfaf317ca354f6c30e6,2,2017-12-11 17:44:07,9.206342592592593,-14.271400462962964,0,1
d3e6520dde5fda9917fb56ffc3066d66,2,2018-03-24 09:59:59,52.725335648148146,-12.400925925925925,1,0
d3efd0ae3bee9c35f302e336aef87b99,2,2017-04-09 19:10:24,2.3148148148148147e-05,-33.614259259259256,0,1
d42abb03c8796ea293a48772c24843c1,2,2018-02-10 20:50:32,205.20289351851852,-12.038414351851852,1,1
d43c6aa82fc6dc2c43d6813a4822081f,2,2018-01-14 16:08:40,9.906446759259259,-11.091006944444445,1,1
d44ccec15f5f86d14d6a2cfa67da1975,3,2017-11-10 13:55:00,82.08869212962964,-13.567100694444445,1,1
d451891847b64bb4cf9a40e9cfe1c7a2,2,2017-02-05 23:52:10,1.1574074074074073e-05,-14.369699074074074,0,1
d4bfdb188411b1d1fdd0a66e8017e8b4,2,2017-06-26 10:15:11,2.3148148148148147e-05,-8.524421296296296,0,1
d4e5ada242c876e58b2dbbcfaa80d977,2,2018-04-07 19:32:15,207.31780092592592,-11.131342592592592,1,0
d5419994a02a55d4b7cd00e77fabdbae,2,2017-12-06 19:32:40,32.932488425925925,-16.206122685185186,1,1
d55417a83a73d1702b43988e63f0731a,2,2018-04-24 19:42:23,0.42689814814814814,-6.233611111111111,0,0
d567f29ec5fa447c99e949f337f3a35c,2,2017-12-15 23:25:04,114.42658564814815,-19.239965277777777,0,1
d56ded4569dd9821b2f83710a56afbde,2,2017-08-17 00:57:24,1.1574074074074073e-05,-17.147372685185186,0,1
d5b4fce33a7ef8e6025bff334e6bbf1d,2,2018-05-29 21:08:28,39.37645833333333,-29.22107638888889,1,0
d5ca668597a3b40c1e527db8c761f03c,2,2018-02-26 17:35:24,1.1574074074074073e-05,-24.255555555555556,0,1
d5f79f616536f08c3946ee6ac810a43a,2,2017-10-03 16:44:16,160.2370601851852,-20.17943287037037,1,1
d65921a138c59000aff343f8c991b896,2,2018-05-29 13:28:56,165.09966435185186,-28.135590277777776,1,0
d66f438b3fcdcf22e7224aaeaf525443,2,2017-11-24 15:04:38,86.93670138888889,-8.223310185185186,0,1
d6903bc66ac9ae94d0bec00ea5c39568,2,2018-05-22 10:22:36,305.99194444444447,-4.176030092592592,1,0
d6caf670c8bf91aed723f242cafb71c8,2,2018-05-04 21:18:05,295.0681134259259,-19.459270833333335,1,0
d6df1c8cb71c59d9b52d828dc6d0f5b3,3,2018-04-19 08:26:03,5.787037037037037e-06,-1.6345717592592592,0,0
d753459418d268407f19b64be28e3c5a,2,2017-01-05 13:43:17,0.00988425925925926,-27.295787037037037,1,1
d75a854dd5534f42bfac3299ac2d0b33,2,2018-03-13 22:41:06,303.99278935185185,7.015555555555555,1,0
d7624d219b6ffad980e91412174db310,3,2017-04-05 17:58:31,2.3148148148148147e-05,-15.527725694444445,1,1
d77aa95864ae5b42160937615628723a,2,2017-08-29 22:38:40,0.0020601851851851853,-9.213414351851853,0,1
d7a86208b8dd2e697ddf825c386a0402,2,2017-12-17 19:36:19,93.0197337962963,-22.40738425925926,1,1
d7a9f47a1c943e087a775dc2f9d43eb3,2,2018-04-17 16:07:29,77.82469907407408,-13.14826388888889,1,0
d7b402c756be57180fa0df36f58d8b7f,2,2017-07-10 12:19:10,1.1574074074074073e-05,-6.182847222222223,0,1
d7b4f3c9c89ba771ef099693c61d7085,2,2017-12-13 13:52:38,299.9142013888889,-17.47056712962963,1,1
d7c6335139cb055ed0ce1125ddc788d8,2,2017-11-28 14:05:09,155.07056712962964,-9.473078703703704,1,1
d7c6bdf20c4ec9c9cda815dde58e778a,2,2017-06-15 16:46:30,0.0,-16.340474537037036,0,1
d7e0432688bbd72d3567568903f6117c,2,2018-01-31 14:24:07,17.934641203703702,-19.310208333333332,0,1
d8079e13179a4ba20a2d06c42e713ff9,2,2017-10-29 18:36:22,1.1574074074074073e-05,-2.0075578703703703,1,1
d815021b4d2400e191b912e96d494b2a,2,2017-07-28 22:34:20,1.1574074074074073e-05,-5.120810185185185,0,1
d821b0981be9795c42ff1b2dece149cb,2,2017-12-24 13:52:04,1.360486111111111,-15.39943287037037,1,1
d87cd982d4b793abe00c75c000c89237,2,2017-12-11 09:13:28,1.1574074074074073e-05,-17.028495370370372,1,1
d8a89dc47bde7dc0b83a3434cc017ee1,2,2017-11-06 21:40:01,241.56184027777778,-15.474479166666667,0,1
d8ad2c0c09bb419ee20bbbda66ed6d9c,2,2018-03-16 18:47:20,305.98230324074075,-6.1342592592592595,1,0
d8ca95d946a44bf4af460bc5eea8c00f,2,2018-05-16 16:50:24,51.0952662037037,-8.113969907407407,0,0
d8e4bf349af9df104faeef494ad2c6de,2,2017-10-03 11:02:27,28.665162037037035,-12.480034722222221,1,1
d8f979fcfc0ce686f6abf5af5f5217d4,2,2017-10-19 17:59:01,160.4166550925926,-13.127337962962963,0,1
d92462d83762d5e5c112bccc344119e6,2,2017-11-22 11:39:00,0.0,-2.983738425925926,1,1
d927267e54f07b9e0fd408d2f840024c,2,2017-05-15 20:46:00,0.0,-14.366527777777778,1,1
d97b3cfb22b0d6b25ac9ed4e9c2d481b,2,2017-10-17 13:06:30,1.1574074074074073e-05,-21.405949074074073,0,1
d9ad5b8ce105bd3baced4648987fbbfc,2,2018-05-21 11:08:51,48.59216435185185,-3.203726851851852,1,0
d9d038353abdad5717e9d11c1748736d,2,2017-08-06 12:19:52,2.3148148148148147e-05,-11.314039351851852,1,1
d9e6c750121d4d84ba6f2cdc6cc80008,2,2017-12-25 13:09:24,30.974907407407407,-19.379201388888887,1,1
d9e97e176fab9b275f9665eef6151a7b,2,2018-05-06 19:11:35,144.9280787037037,3.9296296296296296,1,0
da0440138fea4368af70b5cb01126a9c,2,2017-08-24 19:06:43,0.0,-15.328634259259259,0,1
da122df9eeddfedc1dc1f5349a1a690c,2,2017-04-01 15:58:41,1.1574074074074073e-05,-21.391400462962963,0,1
da1e7179b9c5a1494d78528cbcf05aa0,2,2017-11-09 11:20:34,173.88037037037037,-11.034814814814816,1,1
da29b8a3970adddb9ed2dc8a492065af,2,2017-09-18 12:37:24,89.99773148148148,5.668946759259259,0,1
da2b78576894a7f95d45bfd20250cc54,3,2017-12-04 17:01:06,146.0498263888889,-9.428460648148148,1,1
da5bbfd583efb762f6fda762f1aaf4a9,2,2017-04-25 22:46:05,96.47162037037037,-6.490648148148148,1,1
da8198ea45b815ac5588df1dc7f66661,2,2018-02-15 12:54:56,2.892210648148148,-9.282291666666667,0,1
da8ac849037c7201a41a4db0b1fa963e,2,2018-05-27 14:58:45,425.2721875,-29.19394675925926,0,0
da8f764b90a3b800f31d093c22cd3074,2,2018-01-05 15:07:53,40.55454861111111,-20.42210648148148,1,1
da938ecdfde4d90f6c247bfa5233c66a,2,2017-07-14 13:12:09,25.93835648148148,-9.268414351851852,0,1
daa7bbf7016cc30bf64f97d1db63e5e6,2,2017-07-14 14:04:02,0.19564814814814815,-8.284918981481482,1,1
daf8072197465eabacb942e6f644585a,2,2017-08-12 20:40:18,0.0,-8.307071759259259,0,1
db03954a9a1cc5e71f6e0f73e81a628c,3,2017-10-05 16:48:28,8.967418981481481,-16.684444444444445,0,1
db07fd2ad9869f8356b1fbeefdac31e8,3,2018-03-23 23:40:39,48.24408564814815,-12.599085648148149,0,0
db539c729198334582efc7b53c803c79,2,2017-04-04 00:30:54,1.011226851851852,-14.553912037037037,1,1
db856e8cb7586dd746d36ee69f7dbe68,2,2018-03-26 15:54:38,79.8205787037037,-8.159027777777778,1,0
dbc19912d7a5ce777b71178146f803f8,2,2018-04-08 19:09:35,10.044884259259259,-9.421284722222222,1,0
dbdfcd1e9de47452f3c9b0229bc0edc3,2,2017-10-09 10:54:15,1.1574074074074073e-05,-13.217337962962963,1,1
dc0274a25d881c813da7d55b7faace37,2,2018-02-15 08:21:05,1.1574074074074073e-05,-10.445266203703703,0,1
dc1dac999319e4de0009df7ad0d02104,2,2017-05-24 21:43:53,0.0,-26.526412037037037,0,1
dc1e294dceea9fbe6bd8646954e03c95,2,2018-02-03 01:07:02,4.387384259259259,-16.060104166666665,1,1
dc450fdb03562a6d52752858f7855348,2,2017-02-16 14:56:07,6.119305555555556,-20.40684027777778,1,1
dc6502a8fc5ef5239994a36192e7a0ca,2,2018-05-09 13:33:16,198.56125,-11.250451388888889,1,0
dc858be5b0bb881c067192937bf4ff78,2,2018-01-31 23:31:42,2.3148148148148147e-05,-6.970833333333333,1,1
dca9a13536adcef18c6c5859487347b1,2,2018-03-17 12:52:37,80.73042824074074,-15.1965625,0,0
dcae10a371a35e87b7e88b8724a7bbea,2,2017-10-18 12:16:29,13.914965277777778,-9.141145833333333,1,1
dcc9c0fd8dbf091ca2965710ef45c16c,2,2017-07-22 22:38:47,9.062349537037036,-12.552442129629629,1,1
dcd27efb93b723b301f8bac00e5d7e01,2,2018-05-14 09:11:00,11.7296875,-22.15127314814815,1,0
dce6dc77c19d239bfbe9d77dd4d0ef98,2,2018-05-02 18:40:32,69.3605324074074,-8.980046296296296,1,0
dcee1e44ded6f1bfc5b4988d771243da,2,2017-12-04 17:48:47,6.3456018518518515,0.8527083333333333,1,1
dd25b514ee922669e5de2d638199a3e3,2,2018-01-12 10:31:30,45.97222222222222,-11.105891203703704,1,1
dd6ca4bccbd21803d32139af5b908fd7,2,2017-12-12 20:58:29,89.19464120370371,2.950902777777778,0,1
dd6e665621eca3de5e37b072f7d50f0c,2,2017-09-27 16:05:45,53.94111111111111,-10.393506944444445,0,1
dd7b0e9b51e5377bd9c1fd3e286c7b9d,2,2018-02-26 12:42:32,41.035266203703706,-9.105671296296297,0,1
dd8253fe17486f2e2cbff105e36e4a55,2,2018-01-15 09:33:37,23.02925925925926,-9.4325,1,1
dd8c586651f9232e473ad86cf89c143f,2,2017-04-20 13:07:05,1.1574074074074073e-05,-15.627280092592592,0,1
dd9b235dbe7d48c82caca4da097a2240,2,2018-05-16 10:58:56,14.863599537037038,-20.151122685185186,1,0
ddcbd9c87bce192fc14812129a7894da,2,2018-03-31 00:14:39,45.95128472222222,-6.29931712962963,1,0
ddeb6f3566dcf17cb455271ac103a73f,2,2018-01-31 10:07:09,28.977233796296296,-14.10099537037037,1,1
de34b16117594161a6a89c50b289d35a,5,2018-01-17 23:34:21,18.992676504629628,-6.092725694444445,1,1
de7cad0a39eabfa2285ef0b891ef404a,2,2017-07-31 23:07:04,1.1574074074074073e-05,-11.273668981481482,1,1
de8ce480b6119f2835ce8ad07c326793,2,2018-04-03 17:55:34,245.78395833333335,-6.0503125,1,0
dec5217f924eab1dae338b9b54f53558,2,2018-02-20 13:34:41,62.58744212962963,-13.299224537037038,1,1
dec8632530ce2c58e688e63cbc5105e6,2,2017-12-10 11:02:56,119.98523148148148,-15.042627314814816,1,1
dee6a650840de087ac42c4367bc9baf3,2,2018-01-12 16:19:31,4.6296296296296294e-05,-14.326782407407407,0,1
df1f61c43368a8ed99dc76b43594fc4b,2,2017-10-26 19:14:52,1.1574074074074073e-05,5.7579513888888885,1,1
df5ff0c899dd19ed568e3e0f716cbe20,2,2018-04-23 14:31:55,53.49759259259259,-15.236805555555556,0,0
df946ef265626b1e0a425292815ddead,3,2017-08-01 13:45:24,5.312216435185185,-11.606626157407408,0,1
df9bd60da4a8f8945d2b862aebd3d418,2,2017-07-06 10:23:06,0.0,-7.293703703703704,0,1
dff33bfc45ae0becc55ce9b50acd4073,2,2018-02-19 16:49:20,152.2278472222222,-27.283055555555556,0,1
dff41d762e4e7b68b73af7203a429072,2,2017-08-25 23:07:34,1.1574074074074073e-05,-14.360740740740741,1,1
dff5ff8f411dd1d77875f7e17a3eb512,2,2017-09-27 20:04:09,46.032233796296296,-13.385324074074074,0,1
dffdc8e60eab79300b75d9febd9eec46,2,2018-03-18 12:22:33,0.0,-7.191898148148148,0,0
e016365b624d1755f3e2d0e8f1631ebb,3,2018-02-16 17:59:44,135.07166666666666,-15.149172453703704,1,1
e0233c751408137ec5cdde0c37e6a61a,2,2017-12-16 00:46:18,211.04917824074073,-12.116284722222222,1,1
e031118eb65330b4c180522f2743cf51,2,2017-06-01 16:05:29,1.1574074074074073e-05,-10.420300925925925,1,1
e05757dc57fc38f5156c82e9e4444f8f,2,2018-01-22 16:33:37,55.018310185185186,6.036296296296296,1,1
e06e62694cd8ce637a1c3f4a624c647e,2,2017-08-30 11:14:51,133.8125,-31.200497685185184,0,1
e079b18794454de9d2be5c12b4392294,2,2017-06-14 18:52:29,0.014293981481481482,-12.615543981481482,0,1
e09e509936d44d03ec876c40b0f6dd3f,2,2018-04-18 11:33:24,120.05179398148148,-20.195497685185185,1,0
e0a435b6106cae0bc42a2cef0565b622,2,2017-10-10 16:27:48,57.244560185185186,-2.2193171296296295,0,1
e0c99ffdcd8891130985ac90cd2d8eec,3,2017-09-26 10:03:10,34.24326388888889,-10.188767361111111,1,1
e0ec2e3c3f6e06839e8fb986be65c7c5,2,2017-10-29 15:26:18,1.1574074074074073e-05,-7.4352430555555555,0,1
e10b68125f54adc15562b1fa412e655a,2,2018-01-09 06:05:58,217.33587962962963,-19.01699074074074,1,1
e11a1b428e150830944b665cb6b2d5da,2,2017-12-18 20:09:35,52.90650462962963,19.82865740740741,0,1
e1224167b1a3f92781c2ff55b0b794be,3,2018-02-15 15:11:35,37.818587962962965,-9.908015046296295,1,1
e12f7f1e96f1f9f6361572028a1fad5a,3,2017-10-30 12:09:05,35.50278935185185,5.113535879629629,1,1
e1407f4d2fd92ed069307bb0b836615a,2,2018-03-13 06:48:40,1.1574074074074073e-05,0.8467592592592592,1,0
e14705d2e06ab8ee7c665f21c72f874f,2,2017-11-17 08:56:41,190.01244212962962,9.839270833333334,0,1
e14b8cd578c1f576594719bce2ee1aa2,2,2018-03-15 15:09:18,297.81238425925926,-13.113587962962963,1,0
e18cd71e54e44b7cedb7991214b691a5,2,2018-01-15 00:25:08,0.0,-38.94549768518519,0,1
e1b59a2032b34097d0c1c8d320f40832,2,2017-12-03 22:53:14,311.0381134259259,-19.949270833333333,1,1
e1cc1be2730188040748affa422b2803,2,2018-03-20 14:01:59,201.76252314814815,-16.359108796296297,1,0
e1cf735f320c9870c2046dbbc634fcec,2,2017-02-23 16:55:51,0.0,20.408425925925926,0,1
e208e280c8d8debab258793b0ce264ba,2,2018-04-25 15:57:14,3.9583796296296296,-16.167395833333334,1,0
e2226f481eef03f2876d1a27f0f4b1b0,2,2017-08-28 15:14:21,0.0,-12.309930555555555,1,1
e225b3c270984a8097a136089a11aea9,2,2018-01-16 09:55:52,0.0,-21.140925925925927,0,1
e226254ce0c6d5b7a7ef7218c9b5b518,3,2018-05-08 19:38:58,169.46439814814815,0.37886574074074075,1,0
e23daf58ce481f3d38066e654ef610cb,2,2017-03-01 08:08:10,15.676018518518518,-20.565231481481483,0,1
e246473a236ca29747182e7986dbdb7a,2,2018-01-30 15:18:07,134.0052662037037,-7.0369675925925925,0,1
e2492e4188991b6276a4a62a287a5451,3,2018-04-10 08:52:51,34.00020833333333,-11.88941550925926,0,0
e271fa40aa8fea4e0f304b3768b65d6a,2,2018-05-09 19:23:46,9.810127314814816,-9.241261574074073,0,0
e2889baccec81ed3bed4d66c1c675cb2,2,2017-11-27 12:29:29,188.05859953703703,-7.264664351851852,1,1
e2af42f42a86805055a8e71af58ee71e,2,2017-11-04 20:54:50,161.30881944444445,-15.26162037037037,1,1
e2c483395f5aa739622936a3e826921d,2,2017-02-14 18:12:12,1.1574074074074073e-05,-19.414212962962964,0,1
e2c87a07e54c863d60af789a9233bdb5,2,2018-02-23 14:15:52,220.92221064814814,3.7204050925925927,0,1
e2ce734f0bd635b4b82317b5e5fcd152,2,2017-11-01 15:25:12,2.3148148148148147e-05,-17.228020833333332,0,1
e301216623168d227eb0b0a3aabb1e62,2,2018-01-14 21:10:49,1.1574074074074073e-05,-8.072766203703704,0,1
e30b83af13d6ff0b0f427b2a67c43b39,3,2017-11-28 10:44:35,156.4187962962963,-10.231903935185185,1,1
e325e139452a1ca05f5a33acedd7d94f,3,2018-01-04 10:16:03,18.972986111111112,-12.173935185185185,0,1
e3301490c373db9263c15a73172d0c6f,3,2017-04-20 11:56:40,10.911267361111111,9.146707175925926,0,1
e35b2a3c980b6e0fc66c66b8e1122e93,2,2018-03-07 16:32:41,148.03577546296296,-14.01900462962963,0,0
e374f0ed9ec35b9af339460a75c4d096,2,2018-02-17 15:24:03,295.8420717592593,-7.077569444444444,1,1
e38a9d13896946501404c6d82790728c,2,2017-12-11 14:45:25,234.94873842592594,-19.091608796296295,1,1
e38bf9a883752b0b65407a103fd7ef30,2,2018-01-02 13:54:45,34.10270833333333,-15.889699074074073,1,1
e395de53a61a2f8fa96ea1ca399c3ff5,2,2017-09-17 20:41:23,2.3148148148148147e-05,-5.156354166666667,1,1
e3a07a2fce775f67bcf06e6278807608,2,2018-03-03 17:48:49,4.6296296296296294e-05,0.8981828703703704,0,0
e3c95cff4b8cca496061b369eaa006f7,2,2018-05-07 09:12:36,40.989270833333336,-20.24134259259259,1,0
e3cf594a99e810f58af53ed4820f25e5,2,2017-09-17 16:04:44,10.12107638888889,-10.114918981481482,1,1
e424731f7e9ccc9f3384b8b71378cbf7,2,2017-08-25 00:47:37,3.472222222222222e-05,-1.2171412037037037,1,1
e44110c2ff342e5bbda6c2224d94bbe6,2,2017-05-13 11:51:34,7.6266087962962965,-1.0262037037037037,0,1
e4419ca71e493f57fce5809d2039e9ba,2,2017-10-04 16:29:59,1.038738425925926,-21.07980324074074,0,1
e45b0c7dd75287df589a26fdb7c2fcaf,2,2018-01-24 09:37:27,212.90273148148148,-34.25425925925926,0,1
e47e3ecbe9ae12ecbfc5651bd62d7733,2,2017-12-04 15:08:11,145.09099537037036,-0.19123842592592594,1,1
e4b98eebb8983cade8610c0def59f705,3,2017-05-02 16:36:02,19.15533564814815,-7.384739583333333,1,1
e4d800060f85d896b83b4c3e3570065b,2,2018-03-22 14:01:17,197.98652777777778,-2.9745601851851853,1,0
e4f218d824a59b96c4399ad182327138,2,2018-03-17 11:07:24,0.0,23.898865740740742,1,0
e53821a413d5b137cd9005b41f09dfe0,2,2017-10-20 00:13:14,13.232476851851851,-12.293009259259259,1,1
e559969619d1a0922477a2d8cfaf50d9,2,2018-04-23 00:34:50,174.46880787037037,-15.094027777777777,0,0
e58043c5746b4d123edd5fe77ef48696,2,2018-05-15 20:11:10,24.99773148148148,-11.28255787037037,0,0
e58e049eea2419a34274619f798d0cd4,2,2017-11-28 21:53:20,1.1574074074074073e-05,20.765798611111112,0,1
e5ae3dacf82b0ced4bd9e85046b96f38,2,2018-02-28 10:35:30,2.3148148148148147e-05,-13.038101851851852,1,1
e5b6fb6c5e7e4adc25a5e400c0104508,2,2018-02-15 19:12:14,1.1574074074074073e-05,18.714375,0,1
e5bdbd18812e42788e7cbad7058fc0ab,2,2017-04-25 13:27:31,80.07115740740741,-6.523113425925926,0,1
e5d71c2a04ee3a370295b3290a85b2fb,2,2018-05-09 20:16:04,29.41269675925926,-13.571666666666667,0,0
e5ec513f807eb586f0cb8ab492f59e13,2,2018-02-23 20:32:42,4.6296296296296294e-05,-6.037719907407407,0,1
e5eed5d0afc1ee8620468918995df9f6,2,2017-11-05 22:21:05,4.6296296296296294e-05,-9.06857638888889,0,1
e60856952187516c3397a2c4ac63aac4,2,2018-03-02 18:26:23,125.38315972222222,-12.03167824074074,1,0
e60d32d446c543a9af42c36bf266b0ed,2,2018-03-02 10:14:08,204.8044675925926,-8.060034722222222,0,0
e64ab18890c89066fe47f8abbbf180de,2,2017-06-10 19:03:03,34.019756944444445,-23.18912037037037,0,1
e65862da4f9f183565831cf7e1cbb7a5,2,2017-04-17 09:46:16,5.804456018518518,-11.617650462962963,0,1
e65e6159c5cfea9bd5aa393b49b02ee6,2,2018-03-23 17:04:51,0.0024074074074074076,-7.241365740740741,0,0
e67af1efd445becc5019902668fe3218,2,2017-06-19 20:32:27,0.0069560185185185185,-8.352141203703704,1,1
e68365f0fec5a377bd6f49cb444e453c,2,2017-10-04 10:29:31,33.94469907407407,-18.380810185185187,0,1
e68856e8450afe7390b02d1b2bcefb29,2,2017-11-24 16:33:46,79.0433912037037,-8.070347222222223,1,1
e68e1b61896163cdd7f8e07b2ae814c9,3,2018-04-17 00:41:54,0.47063657407407405,-26.273697916666666,1,0
e69e2b2ce493d7d2307b2588fd1614bd,2,2017-03-03 14:22:17,0.15059027777777778,-18.429259259259258,1,1
e6f18fab493c0bdc553eafd9b66cb5f2,2,2018-03-18 17:12:55,0.0,-15.300300925925926,0,0
e6f7a95a474d4f2224834b896c22f66f,2,2018-04-08 09:21:58,6.994560185185185,-13.286909722222223,0,0
e702e8b7b2a4233b4a1c21f457a1030e,2,2017-05-18 12:50:35,1.1574074074074073e-05,-8.258252314814815,0,1
e7039843c54c69530bbf70d926baaab6,2,2017-11-16 12:26:30,68.61393518518518,-0.010555555555555556,1,1
e73ccd01efa72e05476abdfa25f36208,2,2017-11-25 00:59:07,2.3148148148148147e-05,-14.247118055555555,1,1
e7688fef5438be571d0c39bbb3e8e998,2,2017-10-28 20:39:20,77.30912037037037,-11.159803240740741,1,1
e76f5c3699e402d57852989386ab1cc4,2,2018-03-21 10:59:55,12.003587962962962,-6.191041666666667,0,0
e77723abebdc6d6b95814047f75c2aab,2,2017-12-16 21:29:20,14.225381944444445,-13.139328703703704,1,1
e78838df9c44e102b6ac84cc5eea7d5c,3,2017-02-07 22:52:44,5.787037037037037e-06,-27.005873842592592,1,1
e7a57c5b35cdb485d352afad87560042,2,2018-01-01 15:20:38,28.984444444444446,-6.406932870370371,1,1
e7aa3fbe88423a0132e45578023bac50,2,2017-06-29 11:14:31,0.007835648148148149,-6.334537037037037,0,1
e7ba27eaa7692a165b91ba35a41da310,2,2017-03-22 10:34:48,1.1574074074074073e-05,-21.40559027777778,0,1
e7ceb5e15c42737c00925a715525dc67,2,2018-02-01 19:40:03,79.9328125,-9.056967592592592,0,1
e7e84072c5730f21d38aea4e37d531f0,2,2017-11-24 13:01:36,113.14081018518519,1.7329166666666667,1,1
e8569c57efe3adf347b3e92ec04d1f91,2,2017-10-25 12:58:49,1.1574074074074073e-05,-12.15017361111111,0,1
e8663abca66edfe7b18d03a921637578,2,2018-02-27 15:31:49,33.20878472222222,-0.9799652777777778,1,1
e87c2e2e5985c5996ec20651a3d50fe7,2,2017-09-21 14:00:30,34.09575231481482,-11.23369212962963,1,1
e89bab624ed1d8c75012bf52bacc654c,2,2017-12-13 14:40:20,0.00010416666666666667,-19.202175925925925,0,1
e89bf89e2621b5aeb4c181e69a8c6952,2,2017-07-17 13:54:27,14.02329861111111,-12.17173611111111,1,1
e8a63b5829f45bc153ed838ba9de6c0b,2,2018-05-15 11:09:02,245.09172453703704,1.987488425925926,1,0
e8bab621313ad2a3c0ce8e3a023ff9bb,2,2017-09-20 18:34:24,127.1884837962963,23.522604166666667,0,1
e8fee231a8a4901e2b0b5a2324eb1405,2,2017-09-10 19:26:12,28.21074074074074,-12.188796296296296,0,1
e9523749328fe82cd18a39f8611a69b9,2,2018-04-22 19:14:39,60.98122685185185,-18.1996875,1,0
e9659b474a13413b36c7a5c1e6d7055b,2,2018-03-15 13:11:21,235.1425462962963,-10.385717592592593,1,0
e9b87dccd9c326a3325385087eb0150c,3,2017-10-05 18:45:37,66.98804976851852,-17.102714120370372,1,1
e9c905c9d93eadb270434d5f1de50fee,2,2018-04-30 00:53:54,94.47332175925926,-25.90107638888889,0,0
e9dd12dca17352644a959d9dea133935,2,2018-04-18 09:42:53,43.64627314814815,-0.1529050925925926,0,0
e9e96ff4f36a319a3621b95b43343532,2,2018-01-11 22:12:55,106.14162037037038,-14.01039351851852,1,1
ea09b32bf96ba057088e140c6bec60da,2,2018-05-06 20:04:18,134.1223611111111,-13.389594907407407,1,0
ea2a4a14c49ad9a9d64d2b7f91f0c293,2,2017-10-08 09:00:30,88.98943287037036,-14.178043981481482,1,1
ea3f9ba2162d33a56fa8ff315f2c38ce,2,2018-02-10 02:19:28,1.1574074074074073e-05,-15.518981481481482,0,1
ea4dce18a6994b1e69f0bc8093cfe869,2,2017-06-22 22:30:56,0.0,-12.330671296296297,0,1
ea94f7a5177a14fde12ff625b03dcd7a,2,2018-04-27 10:01:33,238.75774305555555,-6.220208333333333,1,0
eaa604ab9f816252edb7a8d297f932e5,2,2017-12-02 06:32:02,24.36525462962963,-5.107708333333333,0,1
eabaccde0fe3120d2cbbcfc93e2b4177,2,2018-05-04 18:09:14,171.97644675925926,-12.241064814814814,1,0
eac6dbc8ecd0a2f08ed8e53d18f0e0d0,2,2017-09-12 23:38:32,214.31074074074073,-10.378622685185185,1,1
ead394416d4f85207932cc124eb145e2,2,2017-12-04 10:59:18,33.89126157407407,-23.136886574074072,1,1
eae0a83d752b1dd32697e0e7b4221656,2,2018-04-24 17:06:54,81.94087962962963,-10.237233796296296,0,0
eaf8b1aa185199a62be13fe370e82ad1,2,2017-12-04 09:08:22,17.489872685185187,-0.30650462962962965,0,1
eb28e67c4c0b83846050ddfb8a35d051,2,2017-09-18 16:12:04,145.22150462962964,-8.08349537037037,1,1
eb3401656cd6eaad985629735dc1c339,2,2018-05-30 19:19:48,196.11085648148148,-28.239641203703705,1,0
eb5d7d093a080f6b02d4b1ed626db0ff,2,2017-03-10 08:41:20,1.1574074074074073e-05,-8.640011574074075,0,1
eb8367e178d144706a4ff3da62d284cb,2,2017-10-12 19:00:46,116.83172453703703,-14.158171296296297,1,1
eb89ecac165940c95a05cb77e89a789d,2,2017-12-03 14:59:01,200.76574074074074,-14.300671296296297,0,1
eb8ace0670e08632f5fe8977b669530e,2,2017-11-22 12:50:57,140.71802083333333,2.9424074074074076,1,1
ebad8517c448bbd20ca1910bf1a33819,2,2017-10-28 20:54:23,217.19971064814814,-17.045833333333334,1,1
ec0f5b4fe392d71f361112c1b508b707,2,2018-01-02 16:26:54,179.99565972222223,-19.14059027777778,1,1
ec1a46ef8409aca3b3f94b01e02d6582,2,2018-04-04 18:32:53,13.205081018518518,-7.054224537037037,0,0
ec2ddda7d56bc6dcf0e5e5f4b9f67fef,2,2018-05-12 09:42:46,143.78148148148148,7.881226851851852,0,0
ec441c1966bfa602976763f330fc5168,2,2018-04-12 08:10:13,85.76006944444444,-12.996319444444444,0,0
ec449149317e67f234b1cf7fe9fc966c,2,2018-02-26 09:41:21,3.472222222222222e-05,-13.151412037037037,1,1
ec6a85d8bf9c7a514c411a1287643d1d,2,2017-12-06 13:18:40,14.901400462962963,7.7203125,0,1
ec7f1811826ab04a27a92197bc40c888,4,2017-12-19 05:16:33,15.5275,7.0964583333333335,1,1
ec8d6e9f822cddd2f1408b764cd173c4,2,2018-05-18 22:14:49,36.142916666666665,2.9901388888888887,1,0
ec99f30f38afadbfbae32d5883734ded,2,2017-07-19 19:37:19,0.0,-10.173877314814815,0,1
ecb2bbf5c566fab74d5ab5f3cfd2ba19,2,2018-05-07 10:09:40,102.72675925925925,-13.318587962962964,1,0
ecb43665c8c390857cabf385d918da87,2,2017-08-25 09:15:52,1.1574074074074073e-05,2.5623726851851854,1,1
ecc6d0f3eb9435df737e1f0d9a1c6d3f,2,2018-04-27 17:43:13,87.0045138888889,-17.257916666666667,0,0
ecdbc4bf2201c807294c7d8c4b777032,2,2017-10-17 16:34:11,198.18841435185186,-19.00138888888889,1,1
ece908ca0502def5dd56deca8a5c67d5,2,2018-04-28 20:38:32,427.0831712962963,-19.12525462962963,1,0
ed05a1bbf9f8816af23fcc68084bb87d,2,2017-01-16 13:17:46,0.0,-42.54148148148148,0,1
ed2e7c127faf8aacf910fb4ecb881966,2,2017-09-23 18:20:19,5.787037037037037e-05,-12.158171296296297,0,1
ed4c785e11a78a73c48fa3af98008292,2,2018-05-19 14:35:15,311.91180555555553,-8.414131944444444,1,0
ed64cf9aa7a7028f4a7ba14dbc08de41,2,2018-05-09 11:31:26,0.0,-5.02162037037037,1,0
ed7ecb1bd52fef9f35d06b0f09c79539,2,2017-12-08 19:09:47,247.19212962962962,-6.144166666666667,1,1
ed873efbae1f165689d2e836f7a45a20,2,2017-06-02 11:01:39,35.90927083333333,-12.535243055555556,0,1
ed91e2bcbc71d72c1d7871961a01d3e3,2,2018-03-09 10:14:36,80.93373842592592,-5.419108796296296,1,0
edb73fb9e9c6e283badde40e37f5c9e5,2,2017-11-30 02:16:19,6.028506944444445,-19.955625,1,1
eddc1407b097ef7952deb24806c9059b,2,2017-10-05 10:01:44,208.92125,-19.24054398148148,0,1
ee2e40e31211c5c36ebf28b78316542e,2,2017-05-12 14:48:10,0.0,-15.67667824074074,1,1
ee3adea169ca02ca9bd1e80bc620856e,2,2018-01-02 20:34:57,119.94869212962963,-13.27167824074074,1,1
ee4a5dab94b427525ea24bc30d4442fb,2,2018-04-17 09:28:09,154.7361574074074,-13.28545138888889,1,0
ee5c5d0ff3ff8e904b5c2b66dd471b01,2,2017-03-07 10:25:58,1.1574074074074073e-05,0.6409490740740741,1,1
ee86c319ba988c50816cb59a863b1882,2,2018-03-16 07:01:56,0.0,-10.341122685185185,0,0
ee9d97a7d28183a3d93aefb807e48524,2,2017-08-14 11:04:23,3.472222222222222e-05,-17.150613425925926,0,1
eed4189bfc1ea0c708e927cf93d63bdf,2,2018-01-10 08:51:29,46.75945601851852,-26.417569444444446,0,1
eed42da7ee2f3ce26ab52758e63d855f,2,2018-02-22 23:33:59,1.1574074074074073e-05,-9.97730324074074,0,1
ef1d0f1922417f396a0aa0a03296c572,2,2017-11-24 00:25:57,113.83273148148149,-10.340856481481481,1,1
ef3b6ab8a1704ead096adbcdee78284b,2,2018-03-10 19:52:26,95.4171875,3.641354166666667,1,0
ef7200d5b0b899369c77c7407ec5502e,2,2018-04-28 16:06:18,131.90885416666666,-26.092685185185186,1,0
ef7ccf8e6acbf1ac71af305967e708c3,2,2017-07-24 08:56:42,9.721354166666666,-11.204155092592593,1,1
ef89c781d27561d99c4b90783fde3c57,2,2017-12-22 15:53:30,5.848391203703704,-21.194571759259258,0,1
efb164704e9f4fc3867f6f59f5f6dbd6,2,2018-02-07 18:23:09,349.28181712962964,-22.155104166666668,1,1
efce1ab3e96ccab8b1b464326bd22417,2,2018-03-27 14:29:03,231.99951388888888,-20.299421296296295,1,0
effecf2e702b13058b6ca07a0a649691,2,2018-01-18 15:26:37,2.3148148148148147e-05,-18.315520833333334,0,1
f00aa1cfc257dfff20184269b19db923,2,2018-03-10 10:45:39,147.9914699074074,2.848715277777778,0,0
f043529722a354cd3f185270e0c6aa15,2,2017-10-02 15:52:50,192.98133101851852,-13.347847222222223,1,1
f08d5e0d77469bca395ed24633b8f8d5,2,2018-04-03 20:32:47,12.264131944444445,-20.35185185185185,0,0
f0996ee6e59d10ac46fd0b9c632e759d,2,2017-07-04 01:44:17,0.0,-1.2516550925925927,0,1
f0daba1cfcc18d5a3229e1a911313e3e,2,2017-05-11 17:30:39,16.86721064814815,-7.538298611111111,0,1
f0e310a6839dce9de1638e0fe5ab282a,6,2018-04-05 09:04:45,64.0015625,-10.608886574074074,1,0
f11821d908830e74ad782532ebed897a,3,2017-08-21 00:36:28,47.92003472222222,-23.42722800925926,1,1
f121995493925a5ef0b46a13f594e0ab,2,2018-01-16 22:08:15,155.0140162037037,-12.15988425925926,1,1
f170c6e04c4cdf9219fc5c669b10f506,2,2018-01-13 13:36:23,0.0,-8.091574074074074,0,1
f172c33b146e90b95ee12499eb6632cb,2,2018-03-27 08:10:06,76.7237962962963,-3.0952662037037038,1,0
f1a325803dd4c341c5a946ac84c71973,2,2017-09-01 10:15:36,122.69230324074074,7.7614930555555555,1,1
f1bee02ceae8a430506b798786f766b4,2,2018-04-08 08:59:35,11.818842592592592,-19.03326388888889,1,0
f1e73ad158b38954c23f5668894b3d46,2,2018-03-13 11:21:01,46.97175925925926,-17.278703703703705,0,0
f1f30eb24d90309e4ec02c385a17e81f,2,2018-04-30 10:28:19,223.55188657407408,-13.32454861111111,0,0
f216de65ece42736f341247dcba60ccb,2,2017-11-27 22:26:08,96.51303240740741,-11.157083333333333,1,1
f22da779a017ed42f2c4e03862584885,2,2018-04-24 17:12:09,34.14818287037037,-12.302314814814816,1,0
f2655a0ca53cad79e713d1a21b2328b7,2,2017-05-15 18:46:53,1.1574074074074073e-05,-18.506944444444443,0,1
f2ab7bd70a9a23df0dac0be98f038374,2,2018-02-18 14:10:25,133.94664351851853,-10.136643518518518,1,1
f2e0c95f9c0e971bb561b11ecf5a95d3,2,2018-02-22 19:54:45,2.3148148148148147e-05,-8.101365740740741,1,1
f30856ad31d3e74253a3f4ccef670648,2,2018-02-02 18:01:10,2.3148148148148147e-05,6.480833333333333,0,1
f31d2c22ddcad145e224e6dc48f349b9,2,2018-05-16 20:57:48,32.94802083333333,-9.262291666666666,1,0
f34cd7fd85a1f8baff886edf09567be3,4,2017-09-23 19:56:00,10.765401234567902,-14.900729166666666,0,1
f3738f6f5687da7c7ae0623172be00bf,2,2018-01-20 20:10:56,13.998993055555555,-48.460787037037036,1,1
f37bd405972a0229ec900f3743f5bca6,2,2017-10-19 17:15:45,1.1574074074074073e-05,-18.203136574074072,1,1
f3b75d6f1b2a6555223b35fcb52dcf54,2,2018-05-10 10:18:34,232.8270949074074,-14.997094907407407,1,0
f3bf3bed9936aecd7792e6c49779dedc,2,2018-04-30 20:36:38,34.00103009259259,-14.120266203703704,1,0
f3d176999f9c1273045f770712608944,2,2017-08-07 21:35:22,21.618796296296296,-14.246087962962964,1,1
f3d7cb12e7dc54a424d935aae4426461,2,2018-04-07 14:15:19,373.89012731481483,-20.07324074074074,1,0
f46971f1ac7b376b668114a027c98e78,2,2017-05-24 15:41:46,8.96005787037037,-17.317962962962962,0,1
f46ebdbd5c48c0683980a759b8937912,2,2018-02-20 16:06:00,5.787037037037037e-05,-6.417731481481481,0,1
f497801658db70e1b18c76268001e944,2,2017-12-18 11:28:52,117.9478125,-6.175902777777778,1,1
f4af0b3f627879bf6801db96949b1e71,2,2017-08-21 15:53:42,1.1574074074074073e-05,-3.294976851851852,1,1
f4d1502ace38b0df6f052a5544add9f4,3,2018-04-11 23:14:26,76.00846643518518,-13.822164351851852,1,0
f4f2d85371955b0e254ce594fcf09a0d,2,2018-01-30 11:12:55,3.472222222222222e-05,-14.51579861111111,1,1
f50ca6544a0ed8a52cc964e15cbe9cf9,2,2017-10-10 20:21:15,2.3148148148148147e-05,-5.1584375,1,1
f526077dd7bdfdb1a6e10cd6b194b548,2,2017-09-24 09:30:35,0.0,-6.2440625,0,1
f5344c7feb209d1e8a9de5d60ed79331,2,2017-07-31 23:06:47,1.1574074074074073e-05,-10.071226851851852,0,1
f561632522774ab728bb93f8f3ab5e61,2,2018-01-06 12:01:41,213.93530092592593,-26.23675925925926,1,1
f565c1cbc438d2561d40d780f1da28c5,2,2017-11-26 09:33:58,32.01084490740741,-12.240972222222222,0,1
f596242db91986b554f25768577cd5be,2,2017-06-18 14:32:38,13.721990740740742,-16.387615740740742,0,1
f613612c35de4ffbbdb680f32e3baa80,2,2018-05-28 08:47:35,4.84244212962963,-21.237106481481483,0,0
f62d6572c9c25b3796d058d7b833f8b7,2,2017-06-10 19:59:23,82.08835648148148,-13.494432870370371,0,1
f63e56138ee7885ffc3b7e56933446e6,2,2017-09-10 09:22:44,1.1574074074074073e-05,-15.196828703703703,1,1
f64075e7fa628bdc6c3e7c3108d7c624,2,2018-01-30 10:56:41,1.1574074074074073e-05,-2.538773148148148,0,1
f64ec6d8dd29940264cd0bbb5ecade8a,4,2017-11-21 18:18:40,15.15943287037037,-3.1681905864197533,0,1
f733f4254cce4a375a82258c272d1549,2,2018-05-29 10:46:58,324.75806712962964,-18.474502314814814,0,0
f7471d502dd946e0a2cb6020bf076808,2,2018-03-31 18:26:56,84.91208333333333,-6.03568287037037,1,0
f79c1eba3ebd97c75683b3ac6e333daa,2,2018-04-24 22:40:37,0.03518518518518519,-11.238113425925926,1,0
f79c969a1665f477201e86ae6e036c30,2,2017-06-05 17:54:00,1.1574074074074073e-05,-2.357673611111111,0,1
f7ac7452ae241a5a36aaf9542c2428d5,2,2017-07-26 18:22:31,1.1574074074074073e-05,-10.192777777777778,1,1
f7b62c75467e8ce080b201667cbbc274,2,2016-10-07 08:28:29,0.7281597222222222,-45.618599537037035,0,1
f7b981e8a280e455ac3cbe0d5d171bd1,2,2017-01-05 11:56:06,12.527303240740741,-20.44855324074074,0,1
f7be9bec658c62ab6240b44cd26c0b84,2,2017-01-05 14:33:39,0.04101851851851852,-27.302141203703705,1,1
f7d2fc6f0a2778f53d2a6bfc27bd0e8c,2,2017-10-19 10:05:02,155.7887037037037,-18.87798611111111,0,1
f7d319c00224031393f1ba82343db3d6,2,2017-11-27 16:36:37,19.13310185185185,-16.301631944444445,0,1
f7d7fc0a59ef4363fdce6e3aa069d498,2,2018-04-10 18:21:13,295.2425347222222,31.96304398148148,0,0
f7f7c86a6751896d012ebbe10e3fc6f3,2,2017-11-29 08:37:46,15.362604166666667,-15.21306712962963,0,1
f801278dc42ce9d4773cb91ad0e21ab8,2,2017-01-21 18:17:15,1.1574074074074073e-05,-40.36190972222222,1,1
f804ed90360900357b6db9d7635d275d,2,2017-05-20 10:30:23,19.06355324074074,-13.48611111111111,0,1
f80c7e4cf2fa8ff3532323f19bf603ba,2,2018-05-09 12:47:39,105.90510416666666,-11.186863425925926,1,0
f8308de7370e6293120c537a031f4cff,2,2017-10-22 22:00:35,14.520023148148148,-9.170196759259259,0,1
f87108f2ff59f6cbc898ca230483c0ab,2,2017-11-15 10:09:38,121.42541666666666,-12.272835648148147,1,1
f8777c0c5c96632fe9ded01856cb8c82,2,2017-10-13 14:45:04,1.1574074074074073e-05,-9.176261574074074,0,1
f8bffe1586fdae62dd3646353a25f958,2,2018-03-01 10:35:27,96.45481481481481,-10.0884375,0,1
f8d1720cca57b3c6961eb25114347ade,2,2018-05-03 21:16:34,0.001400462962962963,-12.98550925925926,1,0
f8f6ed51ded0d4757a6153f5ce0f8906,2,2018-04-25 11:11:13,8.86818287037037,-9.14425925925926,0,0
f9165be8a411384aab9f945394418a0c,2,2018-05-19 19:34:15,270.91979166666664,-0.16414351851851852,1,0
f92fd2c87375f957ece022972b16849b,2,2017-12-05 16:18:19,114.72021990740741,1.7575,1,1
f93ea08ded32a5b926f9dd98c1dbd61d,2,2017-05-27 19:51:59,1.1574074074074073e-05,-14.349930555555556,1,1
f944ee56d8467517955c2ddc7b0d486a,2,2017-11-01 20:57:34,107.98821759259259,-10.191828703703704,0,1
f95de29d9e810e69f55626ff1bbd4d60,2,2018-01-06 17:48:38,16.352256944444445,-19.98728009259259,0,1
f96be73d5c1d3bfe8fcba7924798ba91,2,2018-05-18 13:22:34,295.00214120370373,-1.2626851851851852,1,0
f99fa0c7b369bde9c53edc9e6f6c4a58,2,2017-11-24 09:15:36,0.0,-8.084143518518518,1,1
f9ae226291893fda10af7965268fb7f6,2,2017-03-11 18:34:44,1.7884027777777778,-10.341782407407408,0,1
fa0cf5b25732a933725b83d2f716000a,2,2017-09-13 17:10:25,3.472222222222222e-05,-8.216076388888888,0,1
fa0ee7ceb94193fb02aa78ce3a55695a,2,2018-02-15 10:33:30,44.572546296296295,-10.197268518518518,1,1
fa980c101c0dcecaecd3a1b5984c6b5c,2,2018-05-26 11:44:37,170.5854398148148,-34.163148148148146,1,0
fad2bf8fa1bdfc125781eb6c62b5ad81,2,2018-04-10 07:23:55,0.007534722222222222,-13.110034722222222,0,0
fafbc4ecb15933633821dfd530c9263b,2,2017-05-21 08:00:00,1.1574074074074073e-05,-13.468761574074074,0,1
fb490a070c5dbc385afadcf0e56270bd,2,2018-05-20 23:11:36,162.96844907407407,-20.185833333333335,1,0
fb4accbcbcd54672a8a8b195d9ff0ec8,2,2017-08-16 09:48:02,22.952905092592594,-19.28013888888889,0,1
fb567adf300e73b60281b72af7702687,2,2018-03-02 09:43:02,1.1574074074074073e-05,10.809548611111111,0,0
fb5e89c121d9569d1a58e0afb54da971,2,2017-09-12 19:28:31,0.0,-14.094525462962963,0,1
fb82affcdf98ee48d9d36c7feb802417,2,2018-02-23 00:22:16,3.472222222222222e-05,-10.042303240740742,1,1
fb8bc250f9f12a9121282d4b0d59485b,2,2018-05-15 11:12:08,57.6556712962963,-10.331076388888889,1,0
fbacf55907cfeeab0f1cb05ac31c429e,2,2018-01-27 19:28:48,0.0,-17.17712962962963,0,1
fbdd85f919749a8e7a1290c6452024e3,2,2017-06-20 22:42:06,15.64175925925926,-4.615717592592593,0,1
fc19fe9ac733e36ff8227c29435c2030,2,2018-05-23 23:59:19,483.96738425925923,-13.179085648148147,1,0
fc1c735fd279ad7321e7b40a4f9d361f,2,2018-02-05 17:50:38,0.023645833333333335,-13.086550925925925,0,1
fc2261ae2c583aa2e68241456a6467c8,2,2018-05-13 00:10:02,1.1574074074074073e-05,-2.1398842592592593,1,0
fc685f5d020dbc22ef7dae7822f336dc,2,2017-09-08 13:51:42,2.8437615740740743,-21.277673611111112,1,1
fc719c11b4dce594f47e1f9aa739a3a2,3,2017-12-26 21:57:46,20.10037037037037,-17.179479166666667,1,1
fcceb56470bf0b4d59caa87e111ca69e,2,2018-03-27 18:26:09,41.083958333333335,-6.237037037037037,0,0
fccfbf734a92029859c4fe58eff05114,2,2017-03-29 17:13:43,57.848391203703706,-13.565231481481481,1,1
fcd0ab79592faab19e2bf386cf69fbcd,2,2018-04-07 21:18:46,420.91332175925925,-20.36013888888889,1,0
fd03997c82649affc061d275ddf1f3d9,2,2018-01-17 14:35:51,0.0,1.860162037037037,1,1
fd09c64a101e3eff4adbca1b28552514,2,2017-12-16 18:01:40,121.14760416666667,-1.2992476851851853,1,1
fd47af963b760f05fbc357474509905e,2,2017-10-03 17:05:02,19.755810185185187,-9.066574074074074,0,1
fd8ccc89be43894d2553494c71a61fd8,3,2018-04-19 08:19:39,19.19689236111111,-23.20113425925926,1,0
fda3a3eb3370c1295a4fc3f6cd3d7604,2,2017-09-04 18:46:38,0.0,-14.066284722222223,0,1
fdb1f3e0dd15b657acc64314ce89688f,2,2017-08-15 18:03:03,21.058078703703703,-15.175092592592593,1,1
fdb2f8a871f180fefdf3ba06bf7ab179,2,2017-06-06 21:31:50,0.0,-13.387638888888889,0,1
fdb47f6659321662dce6524a8c629d0b,2,2017-12-06 22:24:22,1.1574074074074073e-05,-21.175231481481482,0,1
fde381fe79993303957d1fcf9cd6bf4a,2,2018-05-03 22:43:17,0.021354166666666667,-18.09949074074074,1,0
fe59d5878cd80080edbd29b5a0a4e1cf,3,2017-08-22 11:50:48,37.83216435185185,-18.810248842592593,1,1
fe613188d4d20ea3e3dc1290549c3ad1,2,2017-11-20 12:47:30,0.042916666666666665,-7.334293981481482,1,1
fed2005ccab4fcf1a40ebdaff032a148,2,2017-06-17 17:04:31,4.6296296296296294e-05,-6.484594907407407,1,1
fed519569d16e690df6f89cb99d4e682,2,2018-03-18 21:51:49,88.11215277777778,-1.4551967592592594,1,0
ff03923ad1eb9e32304deb7f9b2a45c9,2,2018-05-26 11:51:22,32.58440972222222,-3.5730324074074074,0,0
ff44401d0d8f5b9c54a47374eb48c1b8,2,2017-05-19 21:20:54,0.0,-10.246319444444444,0,1
ff8892f7c26aa0446da53d01b18df463,2,2017-11-26 23:25:43,186.30311342592591,25.60934027777778,1,1
ff922bdd6bafcdf99cb90d7f39cea5b3,3,2017-09-14 14:24:04,102.04075231481481,-4.1171238425925925,1,1
ffe254cc039740e17dd15a5305035928,2,2017-04-02 16:33:30,0.0,-8.324212962962964,0,1
